<?xml version="1.0" encoding="UTF-8"?>
<window>
	<defaultcontrol always="true">2</defaultcontrol>
	<controls>
		<control type="group">
			<animation effect="slide" start="0,-270" end="0,0" time="500" tween="cubic" easing="out">WindowOpen</animation>
			<animation effect="slide" start="0,-270" end="0,0" time="500" tween="cubic" easing="out">VisibleChange</animation>
			<animation effect="slide" end="0,-270" start="0,0" time="500" tween="cubic" easing="out">WindowClose</animation>
			<control type="image">
				<width>100%</width>
				<height>242</height>
				<texture border="1,1,1,40">topbar.png</texture>
			</control>
			<control type="panel" id="11">
				<left>300</left>
				<width>1620</width>
				<height>400</height>
				<onleft>9000</onleft>
				<onright>9000</onright>
				<ondown>60</ondown>
				<onup>9000</onup>
				<scrolltime tween="quadratic" easing="out">400</scrolltime>
				<viewtype label="536">icon</viewtype>
				<pagecontrol>60</pagecontrol>
				<orientation>horizontal</orientation>
				<animation type="WindowOpen" reversible="false">
					<effect type="fade" start="0" end="100" time="200" />
				</animation>
				<animation type="WindowClose" reversible="false">
					<effect type="fade" start="100" end="0" time="200" />
				</animation>
				<itemlayout height="300" width="374">
					<control type="image">
						<width>374</width>
						<height>210</height>
						<texture background="true">$INFO[ListItem.Icon]</texture>
						<aspectratio align="center">scale</aspectratio>
						<bordertexture border="8">dialogs/default/inner2.png</bordertexture>
						<bordersize>2</bordersize>
					</control>
					<control type="image">
						<top>170</top>
						<width>374</width>
						<height>40</height>
						<texture>black.png</texture>
						<bordersize>2</bordersize>
						<colordiffuse>88ffffff</colordiffuse>
					</control>
					<control type="label">
						<top>172</top>
						<width>374</width>
						<height>30</height>
						<textoffsetx>10</textoffsetx>
						<textcolor>grey2</textcolor>
						<info>ListItem.Label</info>
					</control>
					<control type="label">
						<top>172</top>
						<width>374</width>
						<height>30</height>
						<align>right</align>
						<textoffsetx>10</textoffsetx>
						<textcolor>grey2</textcolor>
						<info>ListItem.Label2</info>
					</control>
				</itemlayout>
				<focusedlayout height="300" width="374">
					<control type="group">
						<animation type="Focus">
							<effect type="zoom" start="95" end="100" time="200" tween="sine" easing="inout" center="auto" />
							<effect type="fade" start="80" end="100" time="200" tween="sine" easing="in" />
						</animation>
						<control type="image">
							<width>374</width>
							<height>210</height>
							<texture background="true">$INFO[ListItem.Icon]</texture>
							<aspectratio align="center">scale</aspectratio>
							<bordertexture border="8">thumbs/thumbnail_focused.png</bordertexture>
							<bordersize>8</bordersize>
						</control>
						<control type="image">
							<top>160</top>
							<width>374</width>
							<height>50</height>
							<texture>black.png</texture>
							<bordersize>8</bordersize>
							<colordiffuse>88ffffff</colordiffuse>
						</control>
						<control type="label">
							<top>168</top>
							<width>374</width>
							<height>30</height>
							<textoffsetx>10</textoffsetx>
							<info>ListItem.Label</info>
						</control>
						<control type="label">
							<top>168</top>
							<width>374</width>
							<height>30</height>
							<textoffsetx>10</textoffsetx>
							<align>right</align>
							<info>ListItem.Label2</info>
						</control>
					</control>
				</focusedlayout>
			</control>
			<control type="scrollbar" id="60">
				<left>300</left>
				<top>207</top>
				<width>1620</width>
				<height>12</height>
				<onup>11</onup>
				<ondown>11</ondown>
				<texturesliderbackground />
				<texturesliderbar border="6,0,6,0">scrollbar/texturesliderbar_hor.png</texturesliderbar>
				<texturesliderbarfocus border="6,0,6,0">scrollbar/texturesliderbarfocus_hor.png</texturesliderbarfocus>
				<textureslidernib />
				<textureslidernibfocus />
				<showonepage>false</showonepage>
				<orientation>horizontal</orientation>
			</control>
			<control type="grouplist" id="9000">
				<width>300</width>
				<height>209</height>
				<orientation>vertical</orientation>
				<onleft>11</onleft>
				<onright>11</onright>
				<onup>9000</onup>
				<ondown>9000</ondown>
				<control type="button" id="2">
					<description>Create Bookmark button</description>
					<label>294</label>
					<width>300</width>
					<height>70</height>
				</control>
				<control type="button" id="3">
					<description>Clear Bookmark button</description>
					<label>296</label>
					<width>300</width>
					<height>70</height>
				</control>
				<control type="button" id="4">
					<description>Set episode thumbnail button</description>
					<label>20406</label>
					<width>300</width>
					<height>70</height>
				</control>
			</control>
		</control>
	</controls>
</window>