<?xml version="1.0" encoding="UTF-8" standalone="yes"?>
<addons>
<addon id="plugin.audio.bbcpodcasts"
       name="BBC Podcasts"
       version="1.0.7"
       provider-name="spoyser">
  <requires>
    <import addon="xbmc.python" version="2.1.14"/>
  </requires>
  <extension point="xbmc.python.pluginsource"
            library="default.py">
        <provides>audio</provides>
  </extension>
  <extension point="xbmc.addon.metadata">
    <summary>Browse and play podcasts from the BBC website</summary>
    <description lang="en">Browse and play podcasts from the BBC website</description>
     <platform>all</platform>
  </extension>
</addon>

<addon id="plugin.audio.booksshouldbefree" name="Loyal Books" version="1.0.9" provider-name="spoyser">
  <requires>
    <import addon="xbmc.python" version="2.1.14"/>
  </requires>

  <extension point="xbmc.python.pluginsource" library="default.py">
        <provides>audio</provides>
  </extension>

  <extension point="xbmc.addon.metadata">
    <summary>Loyal Books (formerly Books Should Be Free)</summary>
    <description lang="en">Over 7000 free public domain audiobooks</description>
     <platform>all</platform>
     <language>en</language>
     <license>GNU GENERAL PUBLIC LICENSE. Version 2, June 1991</license>
     <forum>http://forum.kodi.tv/showthread.php?tid=242478</forum>
    <website>http://www.loyalbooks.com</website>
  </extension>

</addon>

<addon id="plugin.audio.global-radio" name="Global Radio" version="1.0.0" provider-name="spoyser">
  <requires>
     <import addon="xbmc.python" version="2.14.0"/>
  </requires>
  <extension point="xbmc.python.pluginsource" library="default.py">
        <provides>audio</provides>
  </extension>
  <extension point="xbmc.addon.metadata">
    <summary lang="en">Global Radio</summary>
    <description lang="en">Global Radio</description>
    <platform>all</platform>
    <language>en</language>
    <license>GNU GENERAL PUBLIC LICENSE. Version 2, June 1991</license>
    <forum></forum>
    <website>http://www.thisisglobal.com/</website>
    <source></source>
    <email>seanpoyser at gmail dot com</email>
    <news>
1.0.0: 19th February 2017
    - initial release
    </news>
  </extension>
</addon>

<addon id="plugin.audio.ramfm" name="RAM FM Eighties Hit Radio" version="2.0.5" provider-name="spoyser">

  <requires>
    <import addon="xbmc.python" version="2.14.0"/>
  </requires>

  <extension point="xbmc.python.pluginsource" library="default.py">
        <provides>audio</provides>
  </extension>

  <extension point="xbmc.addon.metadata">
    <summary lang="en">RAM FM Eighties Hits</summary>
    <description lang="en">RAM FM broadcast music within a wide perspective from the years between and around 1975-1995 and some of today's music that would have fit in just fine at the time. RAM FM play all genres of eighties music, from punk to disco, from synth-pop to folk, from rock to easy listening and from new wave to dance. RAM FM play these different genres of eighties music in no special order and without any priority or personal musical preferences involved whatsoever. RAM FM aim to create a realistic musical time image of the eighties. RAM FM never play the same song within 36 hours and never the same artist within 4 hours. Listeners online can request 3 tracks every 30 minutes complying with these musical format and playlist rotation rules.</description>
    <platform>all</platform>
    <language>en</language>
    <license>GNU GENERAL PUBLIC LICENSE. Version 2, June 1991</license>
    <forum>http://forum.kodi.tv/showthread.php?tid=181672</forum>
    <website>http://www.ramfm.org</website>
    <source>https://github.com/spoyser/spoyser-repo/tree/master/plugin.audio.ramfm</source>
    <email>seanpoyser at gmail dot com</email>
  </extension>
</addon>

<addon id="plugin.audio.sonicstream" name="Sonic Stream Radio" version="1.0.1" provider-name="spoyser">
  <requires>
    <import addon="xbmc.python" version="2.1.0"/>
  </requires>
   <extension point="xbmc.python.script" library="default.py">
        <provides>audio</provides>
  </extension>
  <extension point="xbmc.addon.metadata">
    <summary lang="en">Sonic Stream Radio</summary>
    <description lang="en">A new independent metropolitan radio station, showcasing unfiltered, innovative cutting edge music from within the global melting pot. Sonic Stream’s programs consist of non-commercial music, cultural news and social dialogue to provide you with the deepest inroads of global musical trends. Each show is hosted by musical sommeliers who independently curate their own program in a traditional personalized radio style.[CR]
Sonic Stream emphasis is based on experimental and intergenerational content to celebrate the groundbreaking music of the past, present and the future. Sonic Stream encompasses a grassroots approach for pushing boundaries to showcase future cutting edge music. Thus, wherever you reside around the globe, you are guaranteed to be with fellow passionate great minds on a musical adventure.[CR]
Independent music for the free spirited soul</description>
    <platform>all</platform>
    <language>en</language>
    <license>GNU GENERAL PUBLIC LICENSE. Version 2, June 1991</license>
    <forum></forum>
    <website></website>
    <source></source>
    <email>seanpoyser at gmail dot com</email>
  </extension>
</addon>

<addon id="plugin.image.comicstrips" name="Comic Strips" version="1.0.4" provider-name="spoyser">
  <requires>
    <import addon="xbmc.python" version="2.1.0"/>
  </requires>
  <extension point="xbmc.python.pluginsource" library="default.py">
        <provides>image video</provides>
  </extension>
  <extension point="xbmc.addon.metadata">
    <summary>100s of Comic Strips to choose from.</summary>
    <description lang="en">100s of Comic Strips to choose from.</description>
     <platform>all</platform>
  </extension>
</addon>

<addon id="plugin.program.super.favourites" name="Super Favourites" version="1.0.59" provider-name="spoyser">
  <requires>
    <import addon="xbmc.python" version="2.14.0"/>
    <import addon="script.module.metahandler" optional="true" />
  </requires>


  <extension point="xbmc.python.pluginsource" library="default.py">
        <provides>video audio image executable</provides>
  </extension>


  <extension point="xbmc.service" library="service.py" start="startup" />


  <extension point="xbmc.addon.metadata">
    <summary lang="en">Put all your favourites bits of all your favourites addons into one easy to use addon.</summary>
    <description lang="en">Super Favourites is a better way of managing your Kodi Favourites.[CR][CR]Virtually any menu item within Kodi can be added to Super Favourites, even from addons that don't normally provide this feature.[CR][CR]Super Favourites allows you to better manage your Kodi favourites, including the creation of sub-folders, into which your Kodi favourites can then be copied or moved into.[CR][CR]This allows you to create you own custom addon with just the best bits of your favourite addons. Search your favourite addons, play your favourite music, read your favourite comic strips, select your favourite playlists, browse your favourite movies, listen to your favourite radio stations, watch your favourite cartoons, the possibilities are endless, all from within one easy to use addon.</description>
    <platform>all</platform>
    <language>en</language>
    <license>GNU GENERAL PUBLIC LICENSE. Version 2, June 1991</license>
    <forum>http://forum.xbmc.org/showthread.php?tid=192662</forum>
    <website></website>
    <source>https://github.com/spoyser/spoyser-repo/tree/master/plugin.program.super.favourites</source>
    <email>seanpoyser at gmail.com</email>

    <news>
1.0.59: 29th May 2017
    - 'Now playing' text now defined by SF due to skin variations
    </news>

  </extension>


  <extension point="kodi.context.item">
    <menu id="kodi.core.main">

      <item library="capture.py">
        <label>$ADDON[plugin.program.super.favourites 30002]</label>
        <visible>!IsEmpty(Window(Home).Property(SF_STD_CONTEXTMENU_ENABLED)) + !StringCompare(Container.PluginName,plugin.program.super.favourites)</visible>
      </item>

      <item library="menu_addtofaves.py">
        <label>$ADDON[plugin.program.super.favourites 30047]</label>
        <visible>!IsEmpty(Window(Home).Property(SF_STD_ADDTOFAVES_ENABLED)) + !StringCompare(Container.PluginName,plugin.program.super.favourites)</visible>
      </item>

      <item library="menu_download.py">
        <label>$ADDON[plugin.program.super.favourites 30259]</label>
        <visible>!IsEmpty(Window(Home).Property(SF_STD_DOWNLOAD_ENABLED)) + Player.IsInternetStream</visible>
      </item>

    </menu>
  </extension>

</addon>

<addon id="plugin.program.vpnicity" name="VPNicity" version="1.3.6" provider-name="spoyser">
  <requires>
    <import addon="xbmc.python" version="2.1.0"/>
    <import addon="script.module.requests" version="2.3.0"/>
  </requires>
  <extension point="xbmc.python.pluginsource" library="default.py">
        <provides>executable</provides>
  </extension>
  <extension point="xbmc.service" library="service.py" start="startup" />
  <extension point="xbmc.addon.metadata">
    <summary lang="en"></summary>
    <description lang="en"></description>
    <platform>all</platform>
    <language>en</language>
    <license>GNU GENERAL PUBLIC LICENSE. Version 2, June 1991</license>
    <forum></forum>
    <website></website>
    <source></source>
    <email></email>
  </extension>
  <extension point="kodi.context.item" library="manual.py">
      <item>
          <label>VPNicity Connect</label>
          <visible>true</visible>
      </item>
  </extension>

</addon>

<addon id="plugin.video.80smusicvideos" name="80s Music Videos" version="1.0.4" provider-name="spoyser">
  <requires>
    <import addon="xbmc.python" version="2.1.0"/>
  </requires>
  <extension point="xbmc.python.pluginsource" library="default.py">
        <provides>video</provides>
  </extension>
  <extension point="xbmc.addon.metadata">
    <summary>80s Music Videos</summary>
    <description lang="en">Over 1,000 classic music videos from the 1980's and 1990's.</description>
     <platform>all</platform>
  </extension>
</addon>

<addon id="plugin.video.funniermoments" name="Funnier Moments" version="1.0.21" provider-name="spoyser">
  <requires>
    <import addon="xbmc.python" version="2.1.0"/>
  </requires>
  <extension point="xbmc.python.pluginsource" library="default.py">
        <provides>video</provides>
  </extension>
  <extension point="xbmc.addon.metadata">
    <summary>Watch your favourite Hanna-Barbera cartoons, and many more, courtesy of www.funniermoments.com</summary>
    <description lang="en">Watch your favourite Hanna-Barbera cartoons, and many more, courtesy of www.funniermoments.com</description>
     <platform>all</platform>
  </extension>
</addon>

<addon id="plugin.video.kidstube" name="Kids-Tube.nl" version="1.0.2" provider-name="spoyser">
  <requires>
    <import addon="xbmc.python" version="2.1.0"/>
    <import addon="script.module.simpleYT" version="0.0.1"/>
  </requires>
  <extension point="xbmc.python.pluginsource" library="default.py">
        <provides>video</provides>
  </extension>
  <extension point="xbmc.addon.metadata">
    <summary>Watch your favourite kids programs (in Dutch)</summary>
    <description lang="en">Watch your favourite kids programs (in Dutch)</description>
     <platform>all</platform>
  </extension>
</addon>

<addon id="plugin.video.musicvideojukebox"
       name="Music Video Jukebox"
       version="2.0.1"
       provider-name="iZE">
  <requires>
    <import addon="xbmc.python" version="2.1.0"/>
    <import addon="plugin.video.youtube" version="2.1.0" />
  </requires>
  <extension point="xbmc.python.pluginsource"
            library="Default.py">
        <provides>video</provides>
  </extension>
  <extension point="xbmc.addon.metadata">
    <platform>all</platform>
    <summary lang="en">Search for an artist and it will play up to 150 music videos of that artist.</summary>
    <description lang="en">This plugin uses Google Suggest API, Last.fm and YouTube to search for music videos of an artist, and plays up to 150 music videos of that artist.</description>
  </extension>
</addon>

<addon id="plugin.video.muzu.tv" version="0.2.19" name="muzu.tv" provider-name="spoyser">
    <requires>
        <import addon="xbmc.python" version="2.1.0"/>
    </requires>
    <extension point="xbmc.python.pluginsource" library="default.py">
        <provides>audio</provides>
    </extension>
    <extension point="xbmc.python.pluginsource" library="default.py">
        <provides>video</provides>
    </extension>
    <extension point="xbmc.addon.metadata">
        <summary>Plays music videos from muzu.tv</summary>
        <description>Choose from a huge selection of music videos available at muzu.tv</description>
        <platform>all</platform>
    </extension>
	<broken>Muzu.tv website no longer available</broken>
</addon>

<addon id="plugin.video.supercartoons" name="Super Cartoons" version="1.0.22" provider-name="spoyser">
  <requires>
    <import addon="xbmc.python" version="2.1.0"/>
  </requires>
  <extension point="xbmc.python.pluginsource" library="default.py">
        <provides>video</provides>
  </extension>
  <extension point="xbmc.addon.metadata">
    <summary>Watch cartoons online</summary>
    <description lang="en">Watch cartoons online, search by most popular, characters and studio</description>
     <platform>all</platform>
  </extension>
</addon>

<addon id="plugin.video.thegreat80s" name="The Great 80's" version="1.0.3" provider-name="spoyser">
  <requires>
    <import addon="xbmc.python" version="2.1.0"/>
    <import addon="script.module.simpleYT" version="0.0.1"/>
  </requires>
  <extension point="xbmc.python.pluginsource" library="default.py">
        <provides>video</provides>
  </extension>
  <extension point="xbmc.addon.metadata">
    <summary>80s Music Videos</summary>
    <description lang="en">Classic music videos from the 1980's.</description>
     <platform>all</platform>
  </extension>
</addon>

<addon id="plugin.video.watchcartoononline" name="Watch Cartoon Online" version="1.0.23" provider-name="spoyser">
  <requires>
    <import addon="xbmc.python" version="2.1.0"/>
  </requires>
  <extension point="xbmc.python.pluginsource" library="default.py">
        <provides>video</provides>
  </extension>
  <extension point="xbmc.addon.metadata">
    <summary>Watch even more of your favourite cartoons from www.watchcartoononline.com</summary>
    <description lang="en">Watch even more of your favourite cartoons from www.watchcartoononline.com</description>
     <platform>all</platform>
  </extension>
</addon>

<addon id="repository.Dixie-Deans-XBMC-Repo"
	name="Dixie-Deans-XBMC-Repo"
	version="1.1.2"
	provider-name="DixieDean">
	<extension point="xbmc.addon.repository"
		name="Dixie-Deans-XBMC-Repo-1.1.0">
		<info compressed="false">https://raw.github.com/DixieDean/Dixie-Deans-XBMC-Repo/master/addons.xml</info>
		<checksum>https://raw.github.com/DixieDean/Dixie-Deans-XBMC-Repo/master/addons.xml.md5</checksum>
		<datadir zip="true">https://raw.github.com/DixieDean/Dixie-Deans-XBMC-Repo/master/zips</datadir>
	</extension>
	<extension point="xbmc.addon.metadata">
		<summary>Install My Addons</summary>
		<description>Download and install addons from DixieDean... For updates and information visit www.on-tapp.tv</description>
		<platform>all</platform>
	</extension>
</addon>

<addon id="repository.ramfm"
        name="RAM FM Eighties Hit Radio"
        version="1.0.0"
        provider-name="RAM FM Eighties Hit Radio">
    <extension point="xbmc.addon.repository"
        name="RAM FM XBMC Add-ons">
        <info compressed="false">https://spoyser-repo.googlecode.com/git/RAM.FM/addons.xml</info>
        <checksum>https://spoyser-repo.googlecode.com/git/RAM.FM/addons.xml.md5</checksum>
        <datadir zip="true">https://spoyser-repo.googlecode.com/git/zips</datadir>
    </extension>
    <extension point="xbmc.addon.metadata">
        <summary lang="en">Install the RAM FM Eighties Hit Radio XBMC add-on from the official repository</summary>
        <description lang="en">RAM FM Eighties Hit Radio is a Non Profit Organisation run by volunteers.[CR][CR]Listening is free for everybody but running a radio station costs money.[CR][CR]We pay royalties for the artists that we play and there are costs for the website host and streaming server.[CR][CR]So if you like our radio station, feel free to show your support by making a small donation to help us cover our expenses..[CR][CR]Please visit www.ramfm.org and click on the [COLOR FFFF00FF]purple donate[/COLOR] button.</description>
        <disclaimer></disclaimer>
        <platform>all</platform>
    </extension>
</addon>

<addon id="repository.spoyser"
        name="spoysers XBMC Add-ons"
        version="1.0.6"
        provider-name="spoyser">
    <extension point="xbmc.addon.repository"
        name="spoysers XBMC Add-ons">
        <info compressed="false">https://raw.github.com/spoyser/spoyser-repo/master/addons.xml</info>
        <checksum>https://raw.github.com/spoyser/spoyser-repo/master/addons.xml.md5</checksum>
        <datadir zip="true">https://raw.github.com/spoyser/spoyser-repo/master/zips/</datadir>
    </extension>
    <extension point="xbmc.addon.metadata">
        <summary>Install XBMC add-ons from the official spoyser repository</summary>
        <description>Install XBMC add-ons from spoysers official repository</description>
        <disclaimer></disclaimer>
        <platform>all</platform>
    </extension>
</addon>

<addon id="script.image.music.slideshow"
       name="Music Slideshow"
       version="1.0.2"
       provider-name="spoyser">
  <requires>
    <import addon="xbmc.python" version="2.1.0"/>
  </requires>

  <extension point="xbmc.python.script" library="default.py">
    <provides>image audio</provides>
  </extension>

  <extension point="xbmc.service" library="service.py" start="startup" />

  <extension point="xbmc.addon.metadata">
    <summary>Plays a slide show of the currently playing artist.</summary>
    <description>Whilst playing music, this addon will start a slideshow of images related to the current artist. The slideshow can be configured to automatically start when Kodi starts playing music. Images are retrieved from a number of configurable sources. Tip: Pressing "i" during a slideshow will show the music player info.</description>
	<platform>all</platform>
    <language>en</language>
    <license>GNU GENERAL PUBLIC LICENSE. Version 2, June 1991</license>
    <forum></forum>
    <website></website>
    <source>https://github.com/spoyser/spoyser-repo/tree/master/script.image.music.slideshow</source>
    <email>seanpoyser at gmail dot com</email>
  </extension>
</addon>

<addon id="script.module.beautifulsoup"
       name="BeautifulSoup"
       version="3.0.8"
       provider-name="Leonard Richardson (leonardr@segfault.org)">
  <requires>
    <import addon="xbmc.python"
    		version="1.0"/>
  </requires>
  <extension point="xbmc.python.module"
             library="lib" />
  <extension point="xbmc.addon.metadata">
    <summary>HTML/XML parser for quick-turnaround applications like screen-scraping</summary>
    <description>Beautiful Soup parses arbitrarily invalid SGML and provides a variety of methods and Pythonic idioms for iterating and searching the parse tree.</description>
    <license>BSD</license>
    <platform>all</platform>
  </extension>
</addon>

<addon id="script.module.metahandler"
     name="metahandler"
     version="2.7.0"
     provider-name="Eldorado">
  <requires>
    <import addon="xbmc.python" version="2.1.0" />
    <import addon="script.module.simplejson" version="3.3.0"/>
    <import addon="script.module.addon.common" version="2.0.0"/>
    <import addon="script.module.myconnpy" version="1.1.6"/>
  </requires>
  <extension point="xbmc.python.module" library="lib" />
  <extension point="xbmc.addon.metadata">
    <summary lang="en">Downloads Artwork for TV shows, Movies and Music videos for addons and stores them in a local SQLITE database</summary>
    <description lang="en">Queries, stores, and returns metadata for TV shows, Movies and Musicvideos. [CR]Sources:[CR]www.thetvdb.com[CR]www.themoviedb.org[CR]www.imdb.com</description>
    <disclaimer lang="en"></disclaimer>
    <language></language>
    <platform>all</platform>
    <license>GNU GENERAL PUBLIC LICENSE. Version 2, June 1991</license>
    <forum></forum>
    <website></website>
    <email></email>
    <source></source>
  </extension>
</addon>

<addon id="script.module.simpleYT"
       name="Simple YouTube Resolver" version="1.0.2"  provider-name="spoyser">
    <requires>
        <import addon="xbmc.python" version="2.1.0"/>
    </requires>
   <extension point="xbmc.python.module" library="lib" />
   <extension point="xbmc.addon.metadata">
        <platform>all</platform>
        <summary lang="en">Simple resolver for obtaining YouTube playable URLs from VideoID</summary>
        <description lang="en">Simple resolver for obtaining YouTube playable URLs from VideoID</description>
   </extension>
</addon>
</addons>
