<?xml version="1.0" encoding="UTF-8" standalone="yes"?>
<addon id="plugin.video.80smusicvideos" name="80s Music Videos" version="1.0.4" provider-name="spoyser">
  <requires>
    <import addon="xbmc.python" version="2.1.0"/>
  </requires>
  <extension point="xbmc.python.pluginsource" library="default.py">
        <provides>video</provides>
  </extension>
  <extension point="xbmc.addon.metadata">
    <summary>80s Music Videos</summary>
    <description lang="en">Over 1,000 classic music videos from the 1980's and 1990's.</description>
     <platform>all</platform>
  </extension>
</addon>
