<?xml version="1.0" encoding="UTF-8" standalone="yes"?>
<addon id="script.module.simpleYT"
       name="Simple YouTube Resolver" version="1.0.2"  provider-name="spoyser">
    <requires>
        <import addon="xbmc.python" version="2.1.0"/>
    </requires>
   <extension point="xbmc.python.module" library="lib" />
   <extension point="xbmc.addon.metadata">
        <platform>all</platform>
        <summary lang="en">Simple resolver for obtaining YouTube playable URLs from VideoID</summary>
        <description lang="en">Simple resolver for obtaining YouTube playable URLs from VideoID</description>    
   </extension>
</addon>
