<?xml version='1.0' encoding='UTF-8'?>
<includes>
	<include name="skinshortcuts-mainmenu">
		<item id="1">
			<property name="id">$NUMBER[1]</property>
			<label>$LOCALIZE[342]</label>
			<label2>Common menu item</label2>
			<icon>special://skin/extras/icons/DefaultMovies.png</icon>
			<thumb>DefaultMovies.png</thumb>
			<visible>Library.HasContent(Movies)</visible>
			<onclick>ActivateWindow(Videos,videodb://movies/titles/,return)</onclick>
			<property name="path">ActivateWindow(Videos,videodb://movies/titles/,return)</property>
			<visible>String.IsEqual(System.ProfileName,Master user)</visible>
			<property name="submenuVisibility">movies</property>
			<property name="hasSubmenu">True</property>
		</item>
		<item id="2">
			<property name="id">$NUMBER[2]</property>
			<label>$LOCALIZE[20343]</label>
			<label2>Custom item</label2>
			<icon>special://skin/extras/icons/DefaultTVShows.png</icon>
			<thumb>DefaultTVShows.png</thumb>
			<visible>Library.HasContent(TVShows)</visible>
			<onclick>ActivateWindow(Videos,videodb://tvshows/titles/,return)</onclick>
			<property name="path">ActivateWindow(Videos,videodb://tvshows/titles/,return)</property>
			<visible>String.IsEqual(System.ProfileName,Master user)</visible>
			<property name="submenuVisibility">tvshows</property>
			<property name="hasSubmenu">True</property>
		</item>
		<item id="3">
			<property name="id">$NUMBER[3]</property>
			<label>Live TV</label>
			<label2>Common menu item</label2>
			<icon>special://skin/extras/icons/remote.png</icon>
			<thumb>DefaultAddonPVRClient.png</thumb>
			<visible>[System.HasPVRAddon] + [System.HasPVRAddon]</visible>
			<onclick>ActivateWindow(TVChannels)</onclick>
			<property name="path">ActivateWindow(TVChannels)</property>
			<visible>String.IsEqual(System.ProfileName,Master user)</visible>
			<property name="submenuVisibility">num-31502</property>
			<property name="hasSubmenu">True</property>
		</item>
		<item id="4">
			<property name="id">$NUMBER[4]</property>
			<label>TV Guide</label>
			<label2>Custom item</label2>
			<icon>special://skin/extras/icons/DefaultMusicAlbums.png</icon>
			<thumb>DefaultMusicAlbums.png</thumb>
			<onclick>RunAddOn(script.ivueguide)</onclick>
			<property name="path">RunAddOn(script.ivueguide)</property>
			<visible>String.IsEqual(System.ProfileName,Master user)</visible>
			<property name="submenuVisibility">script-ivueguide</property>
			<property name="hasSubmenu">True</property>
		</item>
		<item id="5">
			<property name="id">$NUMBER[5]</property>
			<label>$LOCALIZE[20389]</label>
			<label2>Custom item</label2>
			<icon>special://skin/extras/icons/DefaultMusicVideos.png</icon>
			<thumb>DefaultMusicVideos.png</thumb>
			<visible>Library.HasContent(MusicVideos)</visible>
			<onclick>ActivateWindow(Videos,videodb://musicvideos/titles/,return)</onclick>
			<property name="path">ActivateWindow(Videos,videodb://musicvideos/titles/,return)</property>
			<visible>String.IsEqual(System.ProfileName,Master user)</visible>
			<property name="submenuVisibility">musicvideos</property>
			<property name="hasSubmenu">True</property>
		</item>
		<item id="6">
			<property name="id">$NUMBER[6]</property>
			<label>$LOCALIZE[15016]</label>
			<label2>Custom item</label2>
			<icon>special://skin/extras/icons/DefaultGames.png</icon>
			<thumb>DefaultGames.png</thumb>
			<visible>System.HasAddon(plugin.program.advanced.emulator.launcher)</visible>
			<onclick>ActivateWindow(Programs,"plugin://plugin.program.advanced.emulator.launcher",return)</onclick>
			<property name="path">ActivateWindow(Programs,"plugin://plugin.program.advanced.emulator.launcher",return)</property>
			<visible>String.IsEqual(System.ProfileName,Master user)</visible>
			<property name="submenuVisibility">plugin-program-advanced-emulator-launcher</property>
			<property name="hasSubmenu">False</property>
		</item>
		<item id="7">
			<property name="id">$NUMBER[7]</property>
			<label>$LOCALIZE[24001]</label>
			<label2>Custom item</label2>
			<icon>special://skin/extras/icons/addon.png</icon>
			<thumb>DefaultAddon.png</thumb>
			<onclick>ActivateWindow(1119)</onclick>
			<property name="path">ActivateWindow(1119)</property>
			<visible>String.IsEqual(System.ProfileName,Master user)</visible>
			<property name="submenuVisibility">num-24001</property>
			<property name="hasSubmenu">True</property>
		</item>
		<item id="8">
			<property name="id">$NUMBER[8]</property>
			<label>$LOCALIZE[1036]</label>
			<label2>Common menu item</label2>
			<icon>special://skin/extras/icons/Favorites.png</icon>
			<thumb>DefaultIconFavourite.png</thumb>
			<onclick>ActivateWindow(favourites)</onclick>
			<property name="path">ActivateWindow(favourites)</property>
			<visible>String.IsEqual(System.ProfileName,Master user)</visible>
			<property name="submenuVisibility">num-1036</property>
			<property name="hasSubmenu">False</property>
		</item>
		<item id="9">
			<property name="id">$NUMBER[9]</property>
			<label>$LOCALIZE[12600]</label>
			<label2>Common menu item</label2>
			<icon>special://skin/extras/icons/DefaultAddonWeather.png</icon>
			<thumb>DefaultAddonWeather.png</thumb>
			<visible>!String.IsEmpty(Weather.Plugin)</visible>
			<onclick>ActivateWindow(Weather)</onclick>
			<property name="path">ActivateWindow(Weather)</property>
			<visible>String.IsEqual(System.ProfileName,Master user)</visible>
			<property name="submenuVisibility">weather</property>
			<property name="hasSubmenu">False</property>
		</item>
		<item id="10">
			<property name="id">$NUMBER[10]</property>
			<label>$LOCALIZE[137]</label>
			<label2>Program</label2>
			<icon>special://skin/extras/icons/DefaultAddSource.png</icon>
			<thumb>DefaultIconSearch.png</thumb>
			<onclick>RunAddon(script.globalsearch)</onclick>
			<property name="path">RunAddon(script.globalsearch)</property>
			<visible>String.IsEqual(System.ProfileName,Master user)</visible>
			<property name="submenuVisibility">num-137</property>
			<property name="hasSubmenu">False</property>
		</item>
		<item id="11">
			<property name="id">$NUMBER[11]</property>
			<label>$LOCALIZE[5]</label>
			<label2>Common menu item</label2>
			<icon>special://skin/extras/icons/DefaultAddSource.png</icon>
			<thumb>DefaultIconSettings.png</thumb>
			<onclick>ActivateWindow(Settings)</onclick>
			<property name="path">ActivateWindow(Settings)</property>
			<visible>String.IsEqual(System.ProfileName,Master user)</visible>
			<property name="submenuVisibility">num-5</property>
			<property name="hasSubmenu">True</property>
		</item>
	</include>
	<include />
	<include name="skinshortcuts-submenu">
		<item id="1">
			<property name="id">$NUMBER[1]</property>
			<property name="mainmenuid">1</property>
			<label>$LOCALIZE[31314]</label>
			<label2>Custom item</label2>
			<icon>special://skin/extras/icons/DefaultFolder.png</icon>
			<thumb />
			<visible>[Library.HasContent(Movies)] + String.IsEqual(Container(9000).ListItem.Property(submenuVisibility),movies)</visible>
			<onclick>ActivateWindow(Videos,library://video/movies/recentlyaddedmovies.xml/,return)</onclick>
			<property name="path">ActivateWindow(Videos,library://video/movies/recentlyaddedmovies.xml/,return)</property>
			<visible>String.IsEqual(System.ProfileName,Master user)</visible>
			<property name="isSubmenu">True</property>
		</item>
		<item id="2">
			<property name="id">$NUMBER[2]</property>
			<property name="mainmenuid">1</property>
			<label>$LOCALIZE[575]</label>
			<label2>Custom item</label2>
			<icon>special://skin/extras/icons/DefaultFolder.png</icon>
			<thumb />
			<visible>[Library.HasContent(Movies)] + String.IsEqual(Container(9000).ListItem.Property(submenuVisibility),movies)</visible>
			<onclick>ActivateWindow(Videos,library://video/movies/inprogressmovies.xml/,return)</onclick>
			<property name="path">ActivateWindow(Videos,library://video/movies/inprogressmovies.xml/,return)</property>
			<visible>String.IsEqual(System.ProfileName,Master user)</visible>
			<property name="isSubmenu">True</property>
		</item>
		<item id="3">
			<property name="id">$NUMBER[3]</property>
			<property name="mainmenuid">1</property>
			<label>$LOCALIZE[20434]</label>
			<label2>Movies</label2>
			<icon>special://skin/extras/icons/set.png</icon>
			<thumb />
			<visible>[Library.HasContent(MovieSets)] + String.IsEqual(Container(9000).ListItem.Property(submenuVisibility),movies)</visible>
			<onclick>ActivateWindow(Videos,videodb://movies/sets/,return)</onclick>
			<property name="path">ActivateWindow(Videos,videodb://movies/sets/,return)</property>
			<visible>String.IsEqual(System.ProfileName,Master user)</visible>
			<property name="isSubmenu">True</property>
		</item>
		<item id="4">
			<property name="id">$NUMBER[4]</property>
			<property name="mainmenuid">1</property>
			<label>$LOCALIZE[135]</label>
			<label2>Movies</label2>
			<icon>special://skin/extras/icons/DefaultGenre.png</icon>
			<thumb />
			<visible>[Library.HasContent(Movies)] + String.IsEqual(Container(9000).ListItem.Property(submenuVisibility),movies)</visible>
			<onclick>ActivateWindow(Videos,videodb://movies/genres/,return)</onclick>
			<property name="path">ActivateWindow(Videos,videodb://movies/genres/,return)</property>
			<visible>String.IsEqual(System.ProfileName,Master user)</visible>
			<property name="isSubmenu">True</property>
		</item>
		<item id="5">
			<property name="id">$NUMBER[5]</property>
			<property name="mainmenuid">1</property>
			<label>$LOCALIZE[14022]</label>
			<label2>Custom item</label2>
			<icon>special://skin/extras/icons/DefaultVideo.png</icon>
			<thumb />
			<visible>[Library.HasContent(Movies)] + String.IsEqual(Container(9000).ListItem.Property(submenuVisibility),movies)</visible>
			<onclick>ActivateWindow(Videos,videodb://movies/)</onclick>
			<property name="path">ActivateWindow(Videos,videodb://movies/)</property>
			<visible>String.IsEqual(System.ProfileName,Master user)</visible>
			<property name="isSubmenu">True</property>
		</item>
		<item id="6">
			<property name="id">$NUMBER[6]</property>
			<property name="mainmenuid">1</property>
			<label>$LOCALIZE[24069]</label>
			<label2>Kodi Command</label2>
			<icon>special://skin/extras/icons/DefaultAddSource.png</icon>
			<thumb />
			<onclick>UpdateLibrary(video,,true)</onclick>
			<property name="path">UpdateLibrary(video,,true)</property>
			<visible>[String.IsEqual(System.ProfileName,Master user)] + String.IsEqual(Container(9000).ListItem.Property(submenuVisibility),movies)</visible>
			<property name="isSubmenu">True</property>
		</item>
		<item id="1">
			<property name="id">$NUMBER[1]</property>
			<property name="mainmenuid">2</property>
			<label>$LOCALIZE[31314]</label>
			<label2>Videos</label2>
			<icon>special://skin/extras/icons/DefaultRecentlyAddedEpisodes.png</icon>
			<thumb />
			<onclick>ActivateWindow(Videos,videodb://recentlyaddedepisodes/,return)</onclick>
			<property name="path">ActivateWindow(Videos,videodb://recentlyaddedepisodes/,return)</property>
			<visible>[String.IsEqual(System.ProfileName,Master user)] + String.IsEqual(Container(9000).ListItem.Property(submenuVisibility),tvshows)</visible>
			<property name="isSubmenu">True</property>
		</item>
		<item id="2">
			<property name="id">$NUMBER[2]</property>
			<property name="mainmenuid">2</property>
			<label>$LOCALIZE[575]</label>
			<label2>Custom item</label2>
			<icon>special://skin/extras/icons/DefaultFolder.png</icon>
			<thumb />
			<visible>[Library.HasContent(TVShows)] + String.IsEqual(Container(9000).ListItem.Property(submenuVisibility),tvshows)</visible>
			<onclick>ActivateWindow(Videos,library://video/tvshows/inprogressshows.xml/,return)</onclick>
			<property name="path">ActivateWindow(Videos,library://video/tvshows/inprogressshows.xml/,return)</property>
			<visible>String.IsEqual(System.ProfileName,Master user)</visible>
			<property name="isSubmenu">True</property>
		</item>
		<item id="3">
			<property name="id">$NUMBER[3]</property>
			<property name="mainmenuid">2</property>
			<label>$LOCALIZE[135]</label>
			<label2>TV shows</label2>
			<icon>special://skin/extras/icons/DefaultGenre.png</icon>
			<thumb />
			<visible>[Library.HasContent(TVShows)] + String.IsEqual(Container(9000).ListItem.Property(submenuVisibility),tvshows)</visible>
			<onclick>ActivateWindow(Videos,videodb://tvshows/genres/,return)</onclick>
			<property name="path">ActivateWindow(Videos,videodb://tvshows/genres/,return)</property>
			<visible>String.IsEqual(System.ProfileName,Master user)</visible>
			<property name="isSubmenu">True</property>
		</item>
		<item id="4">
			<property name="id">$NUMBER[4]</property>
			<property name="mainmenuid">2</property>
			<label>$LOCALIZE[14022]</label>
			<label2>Custom item</label2>
			<icon>special://skin/extras/icons/DefaultVideo.png</icon>
			<thumb />
			<visible>[Library.HasContent(TVShows)] + String.IsEqual(Container(9000).ListItem.Property(submenuVisibility),tvshows)</visible>
			<onclick>ActivateWindow(Videos,videodb://tvshows/)</onclick>
			<property name="path">ActivateWindow(Videos,videodb://tvshows/)</property>
			<visible>String.IsEqual(System.ProfileName,Master user)</visible>
			<property name="isSubmenu">True</property>
		</item>
		<item id="5">
			<property name="id">$NUMBER[5]</property>
			<property name="mainmenuid">2</property>
			<label>$LOCALIZE[24069]</label>
			<label2>Kodi Command</label2>
			<icon>special://skin/extras/icons/DefaultAddSource.png</icon>
			<thumb />
			<onclick>UpdateLibrary(video,,true)</onclick>
			<property name="path">UpdateLibrary(video,,true)</property>
			<visible>[String.IsEqual(System.ProfileName,Master user)] + String.IsEqual(Container(9000).ListItem.Property(submenuVisibility),tvshows)</visible>
			<property name="isSubmenu">True</property>
		</item>
		<item id="1">
			<property name="id">$NUMBER[1]</property>
			<property name="mainmenuid">3</property>
			<label>$LOCALIZE[22020]</label>
			<label2>$ADDON[script.skinshortcuts 32017]</label2>
			<icon>special://skin/extras/icons/DefaultTVShows.png</icon>
			<thumb />
			<visible>[System.HasPVRAddon] + String.IsEqual(Container(9000).ListItem.Property(submenuVisibility),num-31502)</visible>
			<onclick>ActivateWindow(TVGuide)</onclick>
			<property name="path">ActivateWindow(TVGuide)</property>
			<visible>String.IsEqual(System.ProfileName,Master user)</visible>
			<property name="isSubmenu">True</property>
		</item>
		<item id="2">
			<property name="id">$NUMBER[2]</property>
			<property name="mainmenuid">3</property>
			<label>$LOCALIZE[19163]</label>
			<label2>$ADDON[script.skinshortcuts 32017]</label2>
			<icon>special://skin/extras/icons/DefaultTVShows.png</icon>
			<thumb />
			<visible>[System.HasPVRAddon] + String.IsEqual(Container(9000).ListItem.Property(submenuVisibility),num-31502)</visible>
			<onclick>ActivateWindow(TVRecordings)</onclick>
			<property name="path">ActivateWindow(TVRecordings)</property>
			<visible>String.IsEqual(System.ProfileName,Master user)</visible>
			<property name="isSubmenu">True</property>
		</item>
		<item id="3">
			<property name="id">$NUMBER[3]</property>
			<property name="mainmenuid">3</property>
			<label>$LOCALIZE[19040]</label>
			<label2>$ADDON[script.skinshortcuts 32017]</label2>
			<icon>special://skin/extras/icons/DefaultTVShows.png</icon>
			<thumb />
			<visible>[System.HasPVRAddon] + String.IsEqual(Container(9000).ListItem.Property(submenuVisibility),num-31502)</visible>
			<onclick>ActivateWindow(TVTimers)</onclick>
			<property name="path">ActivateWindow(TVTimers)</property>
			<visible>String.IsEqual(System.ProfileName,Master user)</visible>
			<property name="isSubmenu">True</property>
		</item>
		<item id="4">
			<property name="id">$NUMBER[4]</property>
			<property name="mainmenuid">3</property>
			<label>$LOCALIZE[137]</label>
			<label2>$ADDON[script.skinshortcuts 32017]</label2>
			<icon>special://skin/extras/icons/DefaultTVShows.png</icon>
			<thumb />
			<visible>[System.HasPVRAddon] + String.IsEqual(Container(9000).ListItem.Property(submenuVisibility),num-31502)</visible>
			<onclick>ActivateWindow(TVSearch)</onclick>
			<property name="path">ActivateWindow(TVSearch)</property>
			<visible>String.IsEqual(System.ProfileName,Master user)</visible>
			<property name="isSubmenu">True</property>
		</item>
		<item id="1">
			<property name="id">$NUMBER[1]</property>
			<property name="mainmenuid">4</property>
			<label>$LOCALIZE[589]</label>
			<label2>Common menu item</label2>
			<icon>special://skin/extras/icons/musicdisc.png</icon>
			<thumb />
			<onclick>PlayerControl(PartyMode)</onclick>
			<property name="path">PlayerControl(PartyMode)</property>
			<visible>[String.IsEqual(System.ProfileName,Master user)] + String.IsEqual(Container(9000).ListItem.Property(submenuVisibility),script-ivueguide)</visible>
			<property name="isSubmenu">True</property>
		</item>
		<item id="2">
			<property name="id">$NUMBER[2]</property>
			<property name="mainmenuid">4</property>
			<label>$LOCALIZE[31314]</label>
			<label2>Music</label2>
			<icon>special://skin/extras/icons/DefaultMusicRecentlyAdded.png</icon>
			<thumb />
			<visible>[Library.HasContent(Music)] + String.IsEqual(Container(9000).ListItem.Property(submenuVisibility),script-ivueguide)</visible>
			<onclick>ActivateWindow(music,musicdb://recentlyaddedalbums/,return)</onclick>
			<property name="path">ActivateWindow(music,musicdb://recentlyaddedalbums/,return)</property>
			<visible>String.IsEqual(System.ProfileName,Master user)</visible>
			<property name="isSubmenu">True</property>
		</item>
		<item id="3">
			<property name="id">$NUMBER[3]</property>
			<property name="mainmenuid">4</property>
			<label>$LOCALIZE[135]</label>
			<label2>Music</label2>
			<icon>special://skin/extras/icons/DefaultAddSource.png</icon>
			<thumb />
			<visible>[Library.HasContent(Music)] + String.IsEqual(Container(9000).ListItem.Property(submenuVisibility),script-ivueguide)</visible>
			<onclick>ActivateWindow(Music,"library://music/genres.xml/",return)</onclick>
			<property name="path">ActivateWindow(Music,"library://music/genres.xml/",return)</property>
			<visible>String.IsEqual(System.ProfileName,Master user)</visible>
			<property name="isSubmenu">True</property>
		</item>
		<item id="4">
			<property name="id">$NUMBER[4]</property>
			<property name="mainmenuid">4</property>
			<label>$LOCALIZE[14022]</label>
			<label2>Custom item</label2>
			<icon>special://skin/extras/icons/DefaultMusicAlbums.png</icon>
			<thumb />
			<onclick>ActivateWindow(Music,root)</onclick>
			<property name="path">ActivateWindow(Music,root)</property>
			<visible>[String.IsEqual(System.ProfileName,Master user)] + String.IsEqual(Container(9000).ListItem.Property(submenuVisibility),script-ivueguide)</visible>
			<property name="isSubmenu">True</property>
		</item>
		<item id="5">
			<property name="id">$NUMBER[5]</property>
			<property name="mainmenuid">4</property>
			<label>$LOCALIZE[24069]</label>
			<label2>Kodi Command</label2>
			<icon>special://skin/extras/icons/DefaultAddSource.png</icon>
			<thumb />
			<onclick>UpdateLibrary(music,,true)</onclick>
			<property name="path">UpdateLibrary(music,,true)</property>
			<visible>[String.IsEqual(System.ProfileName,Master user)] + String.IsEqual(Container(9000).ListItem.Property(submenuVisibility),script-ivueguide)</visible>
			<property name="isSubmenu">True</property>
		</item>
		<item id="1">
			<property name="id">$NUMBER[1]</property>
			<property name="mainmenuid">5</property>
			<label>$LOCALIZE[589]</label>
			<label2>Common menu item</label2>
			<icon>special://skin/extras/icons/DefaultMusicVideos.png</icon>
			<thumb />
			<onclick>PlayerControl(PartyMode(Video))</onclick>
			<property name="path">PlayerControl(PartyMode(Video))</property>
			<visible>[String.IsEqual(System.ProfileName,Master user)] + String.IsEqual(Container(9000).ListItem.Property(submenuVisibility),musicvideos)</visible>
			<property name="isSubmenu">True</property>
		</item>
		<item id="2">
			<property name="id">$NUMBER[2]</property>
			<property name="mainmenuid">5</property>
			<label>$LOCALIZE[31314]</label>
			<label2>Videos</label2>
			<icon>special://skin/extras/icons/DefaultRecentlyAddedEpisodes.png</icon>
			<thumb />
			<onclick>ActivateWindow(Videos,videodb://recentlyaddedmusicvideos/,return)</onclick>
			<property name="path">ActivateWindow(Videos,videodb://recentlyaddedmusicvideos/,return)</property>
			<visible>[String.IsEqual(System.ProfileName,Master user)] + String.IsEqual(Container(9000).ListItem.Property(submenuVisibility),musicvideos)</visible>
			<property name="isSubmenu">True</property>
		</item>
		<item id="3">
			<property name="id">$NUMBER[3]</property>
			<property name="mainmenuid">5</property>
			<label>$LOCALIZE[575]</label>
			<label2>Custom item</label2>
			<icon>special://skin/extras/icons/DefaultFolder.png</icon>
			<thumb />
			<visible>[Library.HasContent(MusicVideos)] + String.IsEqual(Container(9000).ListItem.Property(submenuVisibility),musicvideos)</visible>
			<onclick>ActivateWindow(Videos,library://video/musicvideos/inprogressmusicvideos.xml/,return)</onclick>
			<property name="path">ActivateWindow(Videos,library://video/musicvideos/inprogressmusicvideos.xml/,return)</property>
			<visible>String.IsEqual(System.ProfileName,Master user)</visible>
			<property name="isSubmenu">True</property>
		</item>
		<item id="4">
			<property name="id">$NUMBER[4]</property>
			<property name="mainmenuid">5</property>
			<label>$LOCALIZE[135]</label>
			<label2>TV shows</label2>
			<icon>special://skin/extras/icons/DefaultGenre.png</icon>
			<thumb />
			<visible>[Library.HasContent(MusicVideos)] + String.IsEqual(Container(9000).ListItem.Property(submenuVisibility),musicvideos)</visible>
			<onclick>ActivateWindow(Videos,videodb://musicvideos/genres/,return)</onclick>
			<property name="path">ActivateWindow(Videos,videodb://musicvideos/genres/,return)</property>
			<visible>String.IsEqual(System.ProfileName,Master user)</visible>
			<property name="isSubmenu">True</property>
		</item>
		<item id="5">
			<property name="id">$NUMBER[5]</property>
			<property name="mainmenuid">5</property>
			<label>$LOCALIZE[14022]</label>
			<label2>Custom item</label2>
			<icon>special://skin/extras/icons/DefaultVideo.png</icon>
			<thumb />
			<visible>[Library.HasContent(MusicVideos)] + String.IsEqual(Container(9000).ListItem.Property(submenuVisibility),musicvideos)</visible>
			<onclick>ActivateWindow(Videos,videodb://musicvideos/)</onclick>
			<property name="path">ActivateWindow(Videos,videodb://musicvideos/)</property>
			<visible>String.IsEqual(System.ProfileName,Master user)</visible>
			<property name="isSubmenu">True</property>
		</item>
		<item id="6">
			<property name="id">$NUMBER[6]</property>
			<property name="mainmenuid">5</property>
			<label>$LOCALIZE[24069]</label>
			<label2>Kodi Command</label2>
			<icon>special://skin/extras/icons/DefaultAddSource.png</icon>
			<thumb />
			<onclick>UpdateLibrary(video,,true)</onclick>
			<property name="path">UpdateLibrary(video,,true)</property>
			<visible>[String.IsEqual(System.ProfileName,Master user)] + String.IsEqual(Container(9000).ListItem.Property(submenuVisibility),musicvideos)</visible>
			<property name="isSubmenu">True</property>
		</item>
		<item id="1">
			<property name="id">$NUMBER[1]</property>
			<property name="mainmenuid">7</property>
			<label>$LOCALIZE[1037]</label>
			<label2>item</label2>
			<icon>special://skin/extras/icons/addon.png</icon>
			<thumb />
			<onclick>ActivateWindow(Videos,addons://sources/video/,return)</onclick>
			<property name="path">ActivateWindow(Videos,addons://sources/video/,return)</property>
			<visible>[String.IsEqual(System.ProfileName,Master user)] + String.IsEqual(Container(9000).ListItem.Property(submenuVisibility),num-24001)</visible>
			<property name="isSubmenu">True</property>
		</item>
		<item id="2">
			<property name="id">$NUMBER[2]</property>
			<property name="mainmenuid">7</property>
			<label>$LOCALIZE[1038]</label>
			<label2>Music</label2>
			<icon>special://skin/extras/icons/addon.png</icon>
			<thumb />
			<onclick>ActivateWindow(Music,Addons,return)</onclick>
			<property name="path">ActivateWindow(Music,Addons,return)</property>
			<visible>[String.IsEqual(System.ProfileName,Master user)] + String.IsEqual(Container(9000).ListItem.Property(submenuVisibility),num-24001)</visible>
			<property name="isSubmenu">True</property>
		</item>
		<item id="3">
			<property name="id">$NUMBER[3]</property>
			<property name="mainmenuid">7</property>
			<label>$LOCALIZE[1039]</label>
			<label2>Pictures</label2>
			<icon>special://skin/extras/icons/DefaultAddonPicture.png</icon>
			<thumb />
			<onclick>ActivateWindow(Pictures,Addons,return)</onclick>
			<property name="path">ActivateWindow(Pictures,Addons,return)</property>
			<visible>[String.IsEqual(System.ProfileName,Master user)] + String.IsEqual(Container(9000).ListItem.Property(submenuVisibility),num-24001)</visible>
			<property name="isSubmenu">True</property>
		</item>
		<item id="4">
			<property name="id">$NUMBER[4]</property>
			<property name="mainmenuid">7</property>
			<label>$LOCALIZE[1043]</label>
			<label2>Programs</label2>
			<icon>special://skin/extras/icons/program.png</icon>
			<thumb />
			<onclick>ActivateWindow(Programs,Addons,return)</onclick>
			<property name="path">ActivateWindow(Programs,Addons,return)</property>
			<visible>[String.IsEqual(System.ProfileName,Master user)] + String.IsEqual(Container(9000).ListItem.Property(submenuVisibility),num-24001)</visible>
			<property name="isSubmenu">True</property>
		</item>
		<item id="1">
			<property name="id">$NUMBER[1]</property>
			<property name="mainmenuid">11</property>
			<label>$LOCALIZE[7]</label>
			<label2>Common menu item</label2>
			<icon>special://skin/extras/icons/file.png</icon>
			<thumb />
			<onclick>ActivateWindow(FileManager)</onclick>
			<property name="path">ActivateWindow(FileManager)</property>
			<visible>[String.IsEqual(System.ProfileName,Master user)] + String.IsEqual(Container(9000).ListItem.Property(submenuVisibility),num-5)</visible>
			<property name="isSubmenu">True</property>
		</item>
		<item id="2">
			<property name="id">$NUMBER[2]</property>
			<property name="mainmenuid">11</property>
			<label>$LOCALIZE[14111]</label>
			<label2>Common menu item</label2>
			<icon>special://skin/extras/icons/info.png</icon>
			<thumb />
			<visible>[system.getbool(eventlog.enabled)] + String.IsEqual(Container(9000).ListItem.Property(submenuVisibility),num-5)</visible>
			<onclick>ActivateWindow(EventLog,events://,return)</onclick>
			<property name="path">ActivateWindow(EventLog,events://,return)</property>
			<visible>String.IsEqual(System.ProfileName,Master user)</visible>
			<property name="isSubmenu">True</property>
		</item>
		<item id="3">
			<property name="id">$NUMBER[3]</property>
			<property name="mainmenuid">11</property>
			<label>$LOCALIZE[13009]</label>
			<label2>Kodi Command</label2>
			<icon>special://skin/extras/icons/DefaultAddSource.png</icon>
			<thumb />
			<visible>[System.ShowExitButton] + String.IsEqual(Container(9000).ListItem.Property(submenuVisibility),num-5)</visible>
			<onclick>Quit</onclick>
			<property name="path">Quit</property>
			<visible>String.IsEqual(System.ProfileName,Master user)</visible>
			<property name="isSubmenu">True</property>
		</item>
	</include>
	<include />
	<include name="skinshortcuts-submenu-1" />
	<include />
	<include name="skinshortcuts-submenu-2" />
	<include name="skinshortcuts-group-movies">
		<item id="1">
			<property name="id">$NUMBER[1]</property>
			<property name="mainmenuid">1</property>
			<label>$LOCALIZE[31314]</label>
			<label2>Custom item</label2>
			<icon>special://skin/extras/icons/DefaultFolder.png</icon>
			<thumb />
			<visible>Library.HasContent(Movies)</visible>
			<onclick>ActivateWindow(Videos,library://video/movies/recentlyaddedmovies.xml/,return)</onclick>
			<property name="path">ActivateWindow(Videos,library://video/movies/recentlyaddedmovies.xml/,return)</property>
			<visible>String.IsEqual(System.ProfileName,Master user)</visible>
			<property name="isSubmenu">True</property>
		</item>
		<item id="2">
			<property name="id">$NUMBER[2]</property>
			<property name="mainmenuid">1</property>
			<label>$LOCALIZE[575]</label>
			<label2>Custom item</label2>
			<icon>special://skin/extras/icons/DefaultFolder.png</icon>
			<thumb />
			<visible>Library.HasContent(Movies)</visible>
			<onclick>ActivateWindow(Videos,library://video/movies/inprogressmovies.xml/,return)</onclick>
			<property name="path">ActivateWindow(Videos,library://video/movies/inprogressmovies.xml/,return)</property>
			<visible>String.IsEqual(System.ProfileName,Master user)</visible>
			<property name="isSubmenu">True</property>
		</item>
		<item id="3">
			<property name="id">$NUMBER[3]</property>
			<property name="mainmenuid">1</property>
			<label>$LOCALIZE[20434]</label>
			<label2>Movies</label2>
			<icon>special://skin/extras/icons/set.png</icon>
			<thumb />
			<visible>Library.HasContent(MovieSets)</visible>
			<onclick>ActivateWindow(Videos,videodb://movies/sets/,return)</onclick>
			<property name="path">ActivateWindow(Videos,videodb://movies/sets/,return)</property>
			<visible>String.IsEqual(System.ProfileName,Master user)</visible>
			<property name="isSubmenu">True</property>
		</item>
		<item id="4">
			<property name="id">$NUMBER[4]</property>
			<property name="mainmenuid">1</property>
			<label>$LOCALIZE[135]</label>
			<label2>Movies</label2>
			<icon>special://skin/extras/icons/DefaultGenre.png</icon>
			<thumb />
			<visible>Library.HasContent(Movies)</visible>
			<onclick>ActivateWindow(Videos,videodb://movies/genres/,return)</onclick>
			<property name="path">ActivateWindow(Videos,videodb://movies/genres/,return)</property>
			<visible>String.IsEqual(System.ProfileName,Master user)</visible>
			<property name="isSubmenu">True</property>
		</item>
		<item id="5">
			<property name="id">$NUMBER[5]</property>
			<property name="mainmenuid">1</property>
			<label>$LOCALIZE[14022]</label>
			<label2>Custom item</label2>
			<icon>special://skin/extras/icons/DefaultVideo.png</icon>
			<thumb />
			<visible>Library.HasContent(Movies)</visible>
			<onclick>ActivateWindow(Videos,videodb://movies/)</onclick>
			<property name="path">ActivateWindow(Videos,videodb://movies/)</property>
			<visible>String.IsEqual(System.ProfileName,Master user)</visible>
			<property name="isSubmenu">True</property>
		</item>
		<item id="6">
			<property name="id">$NUMBER[6]</property>
			<property name="mainmenuid">1</property>
			<label>$LOCALIZE[24069]</label>
			<label2>Kodi Command</label2>
			<icon>special://skin/extras/icons/DefaultAddSource.png</icon>
			<thumb />
			<onclick>UpdateLibrary(video,,true)</onclick>
			<property name="path">UpdateLibrary(video,,true)</property>
			<visible>String.IsEqual(System.ProfileName,Master user)</visible>
			<property name="isSubmenu">True</property>
		</item>
	</include>
	<include name="skinshortcuts-group-alt-movies">
		<item id="1">
			<property name="id">$NUMBER[1]</property>
			<property name="mainmenuid">1</property>
			<label>$LOCALIZE[31314]</label>
			<label2>Custom item</label2>
			<icon>special://skin/extras/icons/DefaultFolder.png</icon>
			<thumb />
			<visible>[Library.HasContent(Movies)] + String.IsEqual(Window(10000).Property(submenuVisibility),movies)</visible>
			<onclick>ActivateWindow(Videos,library://video/movies/recentlyaddedmovies.xml/,return)</onclick>
			<property name="path">ActivateWindow(Videos,library://video/movies/recentlyaddedmovies.xml/,return)</property>
			<visible>String.IsEqual(System.ProfileName,Master user)</visible>
			<property name="isSubmenu">True</property>
		</item>
		<item id="2">
			<property name="id">$NUMBER[2]</property>
			<property name="mainmenuid">1</property>
			<label>$LOCALIZE[575]</label>
			<label2>Custom item</label2>
			<icon>special://skin/extras/icons/DefaultFolder.png</icon>
			<thumb />
			<visible>[Library.HasContent(Movies)] + String.IsEqual(Window(10000).Property(submenuVisibility),movies)</visible>
			<onclick>ActivateWindow(Videos,library://video/movies/inprogressmovies.xml/,return)</onclick>
			<property name="path">ActivateWindow(Videos,library://video/movies/inprogressmovies.xml/,return)</property>
			<visible>String.IsEqual(System.ProfileName,Master user)</visible>
			<property name="isSubmenu">True</property>
		</item>
		<item id="3">
			<property name="id">$NUMBER[3]</property>
			<property name="mainmenuid">1</property>
			<label>$LOCALIZE[20434]</label>
			<label2>Movies</label2>
			<icon>special://skin/extras/icons/set.png</icon>
			<thumb />
			<visible>[Library.HasContent(MovieSets)] + String.IsEqual(Window(10000).Property(submenuVisibility),movies)</visible>
			<onclick>ActivateWindow(Videos,videodb://movies/sets/,return)</onclick>
			<property name="path">ActivateWindow(Videos,videodb://movies/sets/,return)</property>
			<visible>String.IsEqual(System.ProfileName,Master user)</visible>
			<property name="isSubmenu">True</property>
		</item>
		<item id="4">
			<property name="id">$NUMBER[4]</property>
			<property name="mainmenuid">1</property>
			<label>$LOCALIZE[135]</label>
			<label2>Movies</label2>
			<icon>special://skin/extras/icons/DefaultGenre.png</icon>
			<thumb />
			<visible>[Library.HasContent(Movies)] + String.IsEqual(Window(10000).Property(submenuVisibility),movies)</visible>
			<onclick>ActivateWindow(Videos,videodb://movies/genres/,return)</onclick>
			<property name="path">ActivateWindow(Videos,videodb://movies/genres/,return)</property>
			<visible>String.IsEqual(System.ProfileName,Master user)</visible>
			<property name="isSubmenu">True</property>
		</item>
		<item id="5">
			<property name="id">$NUMBER[5]</property>
			<property name="mainmenuid">1</property>
			<label>$LOCALIZE[14022]</label>
			<label2>Custom item</label2>
			<icon>special://skin/extras/icons/DefaultVideo.png</icon>
			<thumb />
			<visible>[Library.HasContent(Movies)] + String.IsEqual(Window(10000).Property(submenuVisibility),movies)</visible>
			<onclick>ActivateWindow(Videos,videodb://movies/)</onclick>
			<property name="path">ActivateWindow(Videos,videodb://movies/)</property>
			<visible>String.IsEqual(System.ProfileName,Master user)</visible>
			<property name="isSubmenu">True</property>
		</item>
		<item id="6">
			<property name="id">$NUMBER[6]</property>
			<property name="mainmenuid">1</property>
			<label>$LOCALIZE[24069]</label>
			<label2>Kodi Command</label2>
			<icon>special://skin/extras/icons/DefaultAddSource.png</icon>
			<thumb />
			<onclick>UpdateLibrary(video,,true)</onclick>
			<property name="path">UpdateLibrary(video,,true)</property>
			<visible>[String.IsEqual(System.ProfileName,Master user)] + String.IsEqual(Window(10000).Property(submenuVisibility),movies)</visible>
			<property name="isSubmenu">True</property>
		</item>
	</include>
	<include name="skinshortcuts-group-movies-1">
		<description>No items</description>
	</include>
	<include name="skinshortcuts-group-alt-movies-1">
		<description>No items</description>
	</include>
	<include name="skinshortcuts-group-movies-2">
		<description>No items</description>
	</include>
	<include name="skinshortcuts-group-alt-movies-2">
		<description>No items</description>
	</include>
	<include name="skinshortcuts-group-tvshows">
		<item id="1">
			<property name="id">$NUMBER[1]</property>
			<property name="mainmenuid">2</property>
			<label>$LOCALIZE[31314]</label>
			<label2>Videos</label2>
			<icon>special://skin/extras/icons/DefaultRecentlyAddedEpisodes.png</icon>
			<thumb />
			<onclick>ActivateWindow(Videos,videodb://recentlyaddedepisodes/,return)</onclick>
			<property name="path">ActivateWindow(Videos,videodb://recentlyaddedepisodes/,return)</property>
			<visible>String.IsEqual(System.ProfileName,Master user)</visible>
			<property name="isSubmenu">True</property>
		</item>
		<item id="2">
			<property name="id">$NUMBER[2]</property>
			<property name="mainmenuid">2</property>
			<label>$LOCALIZE[575]</label>
			<label2>Custom item</label2>
			<icon>special://skin/extras/icons/DefaultFolder.png</icon>
			<thumb />
			<visible>Library.HasContent(TVShows)</visible>
			<onclick>ActivateWindow(Videos,library://video/tvshows/inprogressshows.xml/,return)</onclick>
			<property name="path">ActivateWindow(Videos,library://video/tvshows/inprogressshows.xml/,return)</property>
			<visible>String.IsEqual(System.ProfileName,Master user)</visible>
			<property name="isSubmenu">True</property>
		</item>
		<item id="3">
			<property name="id">$NUMBER[3]</property>
			<property name="mainmenuid">2</property>
			<label>$LOCALIZE[135]</label>
			<label2>TV shows</label2>
			<icon>special://skin/extras/icons/DefaultGenre.png</icon>
			<thumb />
			<visible>Library.HasContent(TVShows)</visible>
			<onclick>ActivateWindow(Videos,videodb://tvshows/genres/,return)</onclick>
			<property name="path">ActivateWindow(Videos,videodb://tvshows/genres/,return)</property>
			<visible>String.IsEqual(System.ProfileName,Master user)</visible>
			<property name="isSubmenu">True</property>
		</item>
		<item id="4">
			<property name="id">$NUMBER[4]</property>
			<property name="mainmenuid">2</property>
			<label>$LOCALIZE[14022]</label>
			<label2>Custom item</label2>
			<icon>special://skin/extras/icons/DefaultVideo.png</icon>
			<thumb />
			<visible>Library.HasContent(TVShows)</visible>
			<onclick>ActivateWindow(Videos,videodb://tvshows/)</onclick>
			<property name="path">ActivateWindow(Videos,videodb://tvshows/)</property>
			<visible>String.IsEqual(System.ProfileName,Master user)</visible>
			<property name="isSubmenu">True</property>
		</item>
		<item id="5">
			<property name="id">$NUMBER[5]</property>
			<property name="mainmenuid">2</property>
			<label>$LOCALIZE[24069]</label>
			<label2>Kodi Command</label2>
			<icon>special://skin/extras/icons/DefaultAddSource.png</icon>
			<thumb />
			<onclick>UpdateLibrary(video,,true)</onclick>
			<property name="path">UpdateLibrary(video,,true)</property>
			<visible>String.IsEqual(System.ProfileName,Master user)</visible>
			<property name="isSubmenu">True</property>
		</item>
	</include>
	<include name="skinshortcuts-group-alt-tvshows">
		<item id="1">
			<property name="id">$NUMBER[1]</property>
			<property name="mainmenuid">2</property>
			<label>$LOCALIZE[31314]</label>
			<label2>Videos</label2>
			<icon>special://skin/extras/icons/DefaultRecentlyAddedEpisodes.png</icon>
			<thumb />
			<onclick>ActivateWindow(Videos,videodb://recentlyaddedepisodes/,return)</onclick>
			<property name="path">ActivateWindow(Videos,videodb://recentlyaddedepisodes/,return)</property>
			<visible>[String.IsEqual(System.ProfileName,Master user)] + String.IsEqual(Window(10000).Property(submenuVisibility),tvshows)</visible>
			<property name="isSubmenu">True</property>
		</item>
		<item id="2">
			<property name="id">$NUMBER[2]</property>
			<property name="mainmenuid">2</property>
			<label>$LOCALIZE[575]</label>
			<label2>Custom item</label2>
			<icon>special://skin/extras/icons/DefaultFolder.png</icon>
			<thumb />
			<visible>[Library.HasContent(TVShows)] + String.IsEqual(Window(10000).Property(submenuVisibility),tvshows)</visible>
			<onclick>ActivateWindow(Videos,library://video/tvshows/inprogressshows.xml/,return)</onclick>
			<property name="path">ActivateWindow(Videos,library://video/tvshows/inprogressshows.xml/,return)</property>
			<visible>String.IsEqual(System.ProfileName,Master user)</visible>
			<property name="isSubmenu">True</property>
		</item>
		<item id="3">
			<property name="id">$NUMBER[3]</property>
			<property name="mainmenuid">2</property>
			<label>$LOCALIZE[135]</label>
			<label2>TV shows</label2>
			<icon>special://skin/extras/icons/DefaultGenre.png</icon>
			<thumb />
			<visible>[Library.HasContent(TVShows)] + String.IsEqual(Window(10000).Property(submenuVisibility),tvshows)</visible>
			<onclick>ActivateWindow(Videos,videodb://tvshows/genres/,return)</onclick>
			<property name="path">ActivateWindow(Videos,videodb://tvshows/genres/,return)</property>
			<visible>String.IsEqual(System.ProfileName,Master user)</visible>
			<property name="isSubmenu">True</property>
		</item>
		<item id="4">
			<property name="id">$NUMBER[4]</property>
			<property name="mainmenuid">2</property>
			<label>$LOCALIZE[14022]</label>
			<label2>Custom item</label2>
			<icon>special://skin/extras/icons/DefaultVideo.png</icon>
			<thumb />
			<visible>[Library.HasContent(TVShows)] + String.IsEqual(Window(10000).Property(submenuVisibility),tvshows)</visible>
			<onclick>ActivateWindow(Videos,videodb://tvshows/)</onclick>
			<property name="path">ActivateWindow(Videos,videodb://tvshows/)</property>
			<visible>String.IsEqual(System.ProfileName,Master user)</visible>
			<property name="isSubmenu">True</property>
		</item>
		<item id="5">
			<property name="id">$NUMBER[5]</property>
			<property name="mainmenuid">2</property>
			<label>$LOCALIZE[24069]</label>
			<label2>Kodi Command</label2>
			<icon>special://skin/extras/icons/DefaultAddSource.png</icon>
			<thumb />
			<onclick>UpdateLibrary(video,,true)</onclick>
			<property name="path">UpdateLibrary(video,,true)</property>
			<visible>[String.IsEqual(System.ProfileName,Master user)] + String.IsEqual(Window(10000).Property(submenuVisibility),tvshows)</visible>
			<property name="isSubmenu">True</property>
		</item>
	</include>
	<include name="skinshortcuts-group-tvshows-1">
		<description>No items</description>
	</include>
	<include name="skinshortcuts-group-alt-tvshows-1">
		<description>No items</description>
	</include>
	<include name="skinshortcuts-group-tvshows-2">
		<description>No items</description>
	</include>
	<include name="skinshortcuts-group-alt-tvshows-2">
		<description>No items</description>
	</include>
	<include name="skinshortcuts-group-num-31502">
		<item id="1">
			<property name="id">$NUMBER[1]</property>
			<property name="mainmenuid">3</property>
			<label>$LOCALIZE[22020]</label>
			<label2>$ADDON[script.skinshortcuts 32017]</label2>
			<icon>special://skin/extras/icons/DefaultTVShows.png</icon>
			<thumb />
			<visible>System.HasPVRAddon</visible>
			<onclick>ActivateWindow(TVGuide)</onclick>
			<property name="path">ActivateWindow(TVGuide)</property>
			<visible>String.IsEqual(System.ProfileName,Master user)</visible>
			<property name="isSubmenu">True</property>
		</item>
		<item id="2">
			<property name="id">$NUMBER[2]</property>
			<property name="mainmenuid">3</property>
			<label>$LOCALIZE[19163]</label>
			<label2>$ADDON[script.skinshortcuts 32017]</label2>
			<icon>special://skin/extras/icons/DefaultTVShows.png</icon>
			<thumb />
			<visible>System.HasPVRAddon</visible>
			<onclick>ActivateWindow(TVRecordings)</onclick>
			<property name="path">ActivateWindow(TVRecordings)</property>
			<visible>String.IsEqual(System.ProfileName,Master user)</visible>
			<property name="isSubmenu">True</property>
		</item>
		<item id="3">
			<property name="id">$NUMBER[3]</property>
			<property name="mainmenuid">3</property>
			<label>$LOCALIZE[19040]</label>
			<label2>$ADDON[script.skinshortcuts 32017]</label2>
			<icon>special://skin/extras/icons/DefaultTVShows.png</icon>
			<thumb />
			<visible>System.HasPVRAddon</visible>
			<onclick>ActivateWindow(TVTimers)</onclick>
			<property name="path">ActivateWindow(TVTimers)</property>
			<visible>String.IsEqual(System.ProfileName,Master user)</visible>
			<property name="isSubmenu">True</property>
		</item>
		<item id="4">
			<property name="id">$NUMBER[4]</property>
			<property name="mainmenuid">3</property>
			<label>$LOCALIZE[137]</label>
			<label2>$ADDON[script.skinshortcuts 32017]</label2>
			<icon>special://skin/extras/icons/DefaultTVShows.png</icon>
			<thumb />
			<visible>System.HasPVRAddon</visible>
			<onclick>ActivateWindow(TVSearch)</onclick>
			<property name="path">ActivateWindow(TVSearch)</property>
			<visible>String.IsEqual(System.ProfileName,Master user)</visible>
			<property name="isSubmenu">True</property>
		</item>
	</include>
	<include name="skinshortcuts-group-alt-num-31502">
		<item id="1">
			<property name="id">$NUMBER[1]</property>
			<property name="mainmenuid">3</property>
			<label>$LOCALIZE[22020]</label>
			<label2>$ADDON[script.skinshortcuts 32017]</label2>
			<icon>special://skin/extras/icons/DefaultTVShows.png</icon>
			<thumb />
			<visible>[System.HasPVRAddon] + String.IsEqual(Window(10000).Property(submenuVisibility),num-31502)</visible>
			<onclick>ActivateWindow(TVGuide)</onclick>
			<property name="path">ActivateWindow(TVGuide)</property>
			<visible>String.IsEqual(System.ProfileName,Master user)</visible>
			<property name="isSubmenu">True</property>
		</item>
		<item id="2">
			<property name="id">$NUMBER[2]</property>
			<property name="mainmenuid">3</property>
			<label>$LOCALIZE[19163]</label>
			<label2>$ADDON[script.skinshortcuts 32017]</label2>
			<icon>special://skin/extras/icons/DefaultTVShows.png</icon>
			<thumb />
			<visible>[System.HasPVRAddon] + String.IsEqual(Window(10000).Property(submenuVisibility),num-31502)</visible>
			<onclick>ActivateWindow(TVRecordings)</onclick>
			<property name="path">ActivateWindow(TVRecordings)</property>
			<visible>String.IsEqual(System.ProfileName,Master user)</visible>
			<property name="isSubmenu">True</property>
		</item>
		<item id="3">
			<property name="id">$NUMBER[3]</property>
			<property name="mainmenuid">3</property>
			<label>$LOCALIZE[19040]</label>
			<label2>$ADDON[script.skinshortcuts 32017]</label2>
			<icon>special://skin/extras/icons/DefaultTVShows.png</icon>
			<thumb />
			<visible>[System.HasPVRAddon] + String.IsEqual(Window(10000).Property(submenuVisibility),num-31502)</visible>
			<onclick>ActivateWindow(TVTimers)</onclick>
			<property name="path">ActivateWindow(TVTimers)</property>
			<visible>String.IsEqual(System.ProfileName,Master user)</visible>
			<property name="isSubmenu">True</property>
		</item>
		<item id="4">
			<property name="id">$NUMBER[4]</property>
			<property name="mainmenuid">3</property>
			<label>$LOCALIZE[137]</label>
			<label2>$ADDON[script.skinshortcuts 32017]</label2>
			<icon>special://skin/extras/icons/DefaultTVShows.png</icon>
			<thumb />
			<visible>[System.HasPVRAddon] + String.IsEqual(Window(10000).Property(submenuVisibility),num-31502)</visible>
			<onclick>ActivateWindow(TVSearch)</onclick>
			<property name="path">ActivateWindow(TVSearch)</property>
			<visible>String.IsEqual(System.ProfileName,Master user)</visible>
			<property name="isSubmenu">True</property>
		</item>
	</include>
	<include name="skinshortcuts-group-num-31502-1">
		<description>No items</description>
	</include>
	<include name="skinshortcuts-group-alt-num-31502-1">
		<description>No items</description>
	</include>
	<include name="skinshortcuts-group-num-31502-2">
		<description>No items</description>
	</include>
	<include name="skinshortcuts-group-alt-num-31502-2">
		<description>No items</description>
	</include>
	<include name="skinshortcuts-group-script-ivueguide">
		<item id="1">
			<property name="id">$NUMBER[1]</property>
			<property name="mainmenuid">4</property>
			<label>$LOCALIZE[589]</label>
			<label2>Common menu item</label2>
			<icon>special://skin/extras/icons/musicdisc.png</icon>
			<thumb />
			<onclick>PlayerControl(PartyMode)</onclick>
			<property name="path">PlayerControl(PartyMode)</property>
			<visible>String.IsEqual(System.ProfileName,Master user)</visible>
			<property name="isSubmenu">True</property>
		</item>
		<item id="2">
			<property name="id">$NUMBER[2]</property>
			<property name="mainmenuid">4</property>
			<label>$LOCALIZE[31314]</label>
			<label2>Music</label2>
			<icon>special://skin/extras/icons/DefaultMusicRecentlyAdded.png</icon>
			<thumb />
			<visible>Library.HasContent(Music)</visible>
			<onclick>ActivateWindow(music,musicdb://recentlyaddedalbums/,return)</onclick>
			<property name="path">ActivateWindow(music,musicdb://recentlyaddedalbums/,return)</property>
			<visible>String.IsEqual(System.ProfileName,Master user)</visible>
			<property name="isSubmenu">True</property>
		</item>
		<item id="3">
			<property name="id">$NUMBER[3]</property>
			<property name="mainmenuid">4</property>
			<label>$LOCALIZE[135]</label>
			<label2>Music</label2>
			<icon>special://skin/extras/icons/DefaultAddSource.png</icon>
			<thumb />
			<visible>Library.HasContent(Music)</visible>
			<onclick>ActivateWindow(Music,"library://music/genres.xml/",return)</onclick>
			<property name="path">ActivateWindow(Music,"library://music/genres.xml/",return)</property>
			<visible>String.IsEqual(System.ProfileName,Master user)</visible>
			<property name="isSubmenu">True</property>
		</item>
		<item id="4">
			<property name="id">$NUMBER[4]</property>
			<property name="mainmenuid">4</property>
			<label>$LOCALIZE[14022]</label>
			<label2>Custom item</label2>
			<icon>special://skin/extras/icons/DefaultMusicAlbums.png</icon>
			<thumb />
			<onclick>ActivateWindow(Music,root)</onclick>
			<property name="path">ActivateWindow(Music,root)</property>
			<visible>String.IsEqual(System.ProfileName,Master user)</visible>
			<property name="isSubmenu">True</property>
		</item>
		<item id="5">
			<property name="id">$NUMBER[5]</property>
			<property name="mainmenuid">4</property>
			<label>$LOCALIZE[24069]</label>
			<label2>Kodi Command</label2>
			<icon>special://skin/extras/icons/DefaultAddSource.png</icon>
			<thumb />
			<onclick>UpdateLibrary(music,,true)</onclick>
			<property name="path">UpdateLibrary(music,,true)</property>
			<visible>String.IsEqual(System.ProfileName,Master user)</visible>
			<property name="isSubmenu">True</property>
		</item>
	</include>
	<include name="skinshortcuts-group-alt-script-ivueguide">
		<item id="1">
			<property name="id">$NUMBER[1]</property>
			<property name="mainmenuid">4</property>
			<label>$LOCALIZE[589]</label>
			<label2>Common menu item</label2>
			<icon>special://skin/extras/icons/musicdisc.png</icon>
			<thumb />
			<onclick>PlayerControl(PartyMode)</onclick>
			<property name="path">PlayerControl(PartyMode)</property>
			<visible>[String.IsEqual(System.ProfileName,Master user)] + String.IsEqual(Window(10000).Property(submenuVisibility),script-ivueguide)</visible>
			<property name="isSubmenu">True</property>
		</item>
		<item id="2">
			<property name="id">$NUMBER[2]</property>
			<property name="mainmenuid">4</property>
			<label>$LOCALIZE[31314]</label>
			<label2>Music</label2>
			<icon>special://skin/extras/icons/DefaultMusicRecentlyAdded.png</icon>
			<thumb />
			<visible>[Library.HasContent(Music)] + String.IsEqual(Window(10000).Property(submenuVisibility),script-ivueguide)</visible>
			<onclick>ActivateWindow(music,musicdb://recentlyaddedalbums/,return)</onclick>
			<property name="path">ActivateWindow(music,musicdb://recentlyaddedalbums/,return)</property>
			<visible>String.IsEqual(System.ProfileName,Master user)</visible>
			<property name="isSubmenu">True</property>
		</item>
		<item id="3">
			<property name="id">$NUMBER[3]</property>
			<property name="mainmenuid">4</property>
			<label>$LOCALIZE[135]</label>
			<label2>Music</label2>
			<icon>special://skin/extras/icons/DefaultAddSource.png</icon>
			<thumb />
			<visible>[Library.HasContent(Music)] + String.IsEqual(Window(10000).Property(submenuVisibility),script-ivueguide)</visible>
			<onclick>ActivateWindow(Music,"library://music/genres.xml/",return)</onclick>
			<property name="path">ActivateWindow(Music,"library://music/genres.xml/",return)</property>
			<visible>String.IsEqual(System.ProfileName,Master user)</visible>
			<property name="isSubmenu">True</property>
		</item>
		<item id="4">
			<property name="id">$NUMBER[4]</property>
			<property name="mainmenuid">4</property>
			<label>$LOCALIZE[14022]</label>
			<label2>Custom item</label2>
			<icon>special://skin/extras/icons/DefaultMusicAlbums.png</icon>
			<thumb />
			<onclick>ActivateWindow(Music,root)</onclick>
			<property name="path">ActivateWindow(Music,root)</property>
			<visible>[String.IsEqual(System.ProfileName,Master user)] + String.IsEqual(Window(10000).Property(submenuVisibility),script-ivueguide)</visible>
			<property name="isSubmenu">True</property>
		</item>
		<item id="5">
			<property name="id">$NUMBER[5]</property>
			<property name="mainmenuid">4</property>
			<label>$LOCALIZE[24069]</label>
			<label2>Kodi Command</label2>
			<icon>special://skin/extras/icons/DefaultAddSource.png</icon>
			<thumb />
			<onclick>UpdateLibrary(music,,true)</onclick>
			<property name="path">UpdateLibrary(music,,true)</property>
			<visible>[String.IsEqual(System.ProfileName,Master user)] + String.IsEqual(Window(10000).Property(submenuVisibility),script-ivueguide)</visible>
			<property name="isSubmenu">True</property>
		</item>
	</include>
	<include name="skinshortcuts-group-script-ivueguide-1">
		<description>No items</description>
	</include>
	<include name="skinshortcuts-group-alt-script-ivueguide-1">
		<description>No items</description>
	</include>
	<include name="skinshortcuts-group-script-ivueguide-2">
		<description>No items</description>
	</include>
	<include name="skinshortcuts-group-alt-script-ivueguide-2">
		<description>No items</description>
	</include>
	<include name="skinshortcuts-group-musicvideos">
		<item id="1">
			<property name="id">$NUMBER[1]</property>
			<property name="mainmenuid">5</property>
			<label>$LOCALIZE[589]</label>
			<label2>Common menu item</label2>
			<icon>special://skin/extras/icons/DefaultMusicVideos.png</icon>
			<thumb />
			<onclick>PlayerControl(PartyMode(Video))</onclick>
			<property name="path">PlayerControl(PartyMode(Video))</property>
			<visible>String.IsEqual(System.ProfileName,Master user)</visible>
			<property name="isSubmenu">True</property>
		</item>
		<item id="2">
			<property name="id">$NUMBER[2]</property>
			<property name="mainmenuid">5</property>
			<label>$LOCALIZE[31314]</label>
			<label2>Videos</label2>
			<icon>special://skin/extras/icons/DefaultRecentlyAddedEpisodes.png</icon>
			<thumb />
			<onclick>ActivateWindow(Videos,videodb://recentlyaddedmusicvideos/,return)</onclick>
			<property name="path">ActivateWindow(Videos,videodb://recentlyaddedmusicvideos/,return)</property>
			<visible>String.IsEqual(System.ProfileName,Master user)</visible>
			<property name="isSubmenu">True</property>
		</item>
		<item id="3">
			<property name="id">$NUMBER[3]</property>
			<property name="mainmenuid">5</property>
			<label>$LOCALIZE[575]</label>
			<label2>Custom item</label2>
			<icon>special://skin/extras/icons/DefaultFolder.png</icon>
			<thumb />
			<visible>Library.HasContent(MusicVideos)</visible>
			<onclick>ActivateWindow(Videos,library://video/musicvideos/inprogressmusicvideos.xml/,return)</onclick>
			<property name="path">ActivateWindow(Videos,library://video/musicvideos/inprogressmusicvideos.xml/,return)</property>
			<visible>String.IsEqual(System.ProfileName,Master user)</visible>
			<property name="isSubmenu">True</property>
		</item>
		<item id="4">
			<property name="id">$NUMBER[4]</property>
			<property name="mainmenuid">5</property>
			<label>$LOCALIZE[135]</label>
			<label2>TV shows</label2>
			<icon>special://skin/extras/icons/DefaultGenre.png</icon>
			<thumb />
			<visible>Library.HasContent(MusicVideos)</visible>
			<onclick>ActivateWindow(Videos,videodb://musicvideos/genres/,return)</onclick>
			<property name="path">ActivateWindow(Videos,videodb://musicvideos/genres/,return)</property>
			<visible>String.IsEqual(System.ProfileName,Master user)</visible>
			<property name="isSubmenu">True</property>
		</item>
		<item id="5">
			<property name="id">$NUMBER[5]</property>
			<property name="mainmenuid">5</property>
			<label>$LOCALIZE[14022]</label>
			<label2>Custom item</label2>
			<icon>special://skin/extras/icons/DefaultVideo.png</icon>
			<thumb />
			<visible>Library.HasContent(MusicVideos)</visible>
			<onclick>ActivateWindow(Videos,videodb://musicvideos/)</onclick>
			<property name="path">ActivateWindow(Videos,videodb://musicvideos/)</property>
			<visible>String.IsEqual(System.ProfileName,Master user)</visible>
			<property name="isSubmenu">True</property>
		</item>
		<item id="6">
			<property name="id">$NUMBER[6]</property>
			<property name="mainmenuid">5</property>
			<label>$LOCALIZE[24069]</label>
			<label2>Kodi Command</label2>
			<icon>special://skin/extras/icons/DefaultAddSource.png</icon>
			<thumb />
			<onclick>UpdateLibrary(video,,true)</onclick>
			<property name="path">UpdateLibrary(video,,true)</property>
			<visible>String.IsEqual(System.ProfileName,Master user)</visible>
			<property name="isSubmenu">True</property>
		</item>
	</include>
	<include name="skinshortcuts-group-alt-musicvideos">
		<item id="1">
			<property name="id">$NUMBER[1]</property>
			<property name="mainmenuid">5</property>
			<label>$LOCALIZE[589]</label>
			<label2>Common menu item</label2>
			<icon>special://skin/extras/icons/DefaultMusicVideos.png</icon>
			<thumb />
			<onclick>PlayerControl(PartyMode(Video))</onclick>
			<property name="path">PlayerControl(PartyMode(Video))</property>
			<visible>[String.IsEqual(System.ProfileName,Master user)] + String.IsEqual(Window(10000).Property(submenuVisibility),musicvideos)</visible>
			<property name="isSubmenu">True</property>
		</item>
		<item id="2">
			<property name="id">$NUMBER[2]</property>
			<property name="mainmenuid">5</property>
			<label>$LOCALIZE[31314]</label>
			<label2>Videos</label2>
			<icon>special://skin/extras/icons/DefaultRecentlyAddedEpisodes.png</icon>
			<thumb />
			<onclick>ActivateWindow(Videos,videodb://recentlyaddedmusicvideos/,return)</onclick>
			<property name="path">ActivateWindow(Videos,videodb://recentlyaddedmusicvideos/,return)</property>
			<visible>[String.IsEqual(System.ProfileName,Master user)] + String.IsEqual(Window(10000).Property(submenuVisibility),musicvideos)</visible>
			<property name="isSubmenu">True</property>
		</item>
		<item id="3">
			<property name="id">$NUMBER[3]</property>
			<property name="mainmenuid">5</property>
			<label>$LOCALIZE[575]</label>
			<label2>Custom item</label2>
			<icon>special://skin/extras/icons/DefaultFolder.png</icon>
			<thumb />
			<visible>[Library.HasContent(MusicVideos)] + String.IsEqual(Window(10000).Property(submenuVisibility),musicvideos)</visible>
			<onclick>ActivateWindow(Videos,library://video/musicvideos/inprogressmusicvideos.xml/,return)</onclick>
			<property name="path">ActivateWindow(Videos,library://video/musicvideos/inprogressmusicvideos.xml/,return)</property>
			<visible>String.IsEqual(System.ProfileName,Master user)</visible>
			<property name="isSubmenu">True</property>
		</item>
		<item id="4">
			<property name="id">$NUMBER[4]</property>
			<property name="mainmenuid">5</property>
			<label>$LOCALIZE[135]</label>
			<label2>TV shows</label2>
			<icon>special://skin/extras/icons/DefaultGenre.png</icon>
			<thumb />
			<visible>[Library.HasContent(MusicVideos)] + String.IsEqual(Window(10000).Property(submenuVisibility),musicvideos)</visible>
			<onclick>ActivateWindow(Videos,videodb://musicvideos/genres/,return)</onclick>
			<property name="path">ActivateWindow(Videos,videodb://musicvideos/genres/,return)</property>
			<visible>String.IsEqual(System.ProfileName,Master user)</visible>
			<property name="isSubmenu">True</property>
		</item>
		<item id="5">
			<property name="id">$NUMBER[5]</property>
			<property name="mainmenuid">5</property>
			<label>$LOCALIZE[14022]</label>
			<label2>Custom item</label2>
			<icon>special://skin/extras/icons/DefaultVideo.png</icon>
			<thumb />
			<visible>[Library.HasContent(MusicVideos)] + String.IsEqual(Window(10000).Property(submenuVisibility),musicvideos)</visible>
			<onclick>ActivateWindow(Videos,videodb://musicvideos/)</onclick>
			<property name="path">ActivateWindow(Videos,videodb://musicvideos/)</property>
			<visible>String.IsEqual(System.ProfileName,Master user)</visible>
			<property name="isSubmenu">True</property>
		</item>
		<item id="6">
			<property name="id">$NUMBER[6]</property>
			<property name="mainmenuid">5</property>
			<label>$LOCALIZE[24069]</label>
			<label2>Kodi Command</label2>
			<icon>special://skin/extras/icons/DefaultAddSource.png</icon>
			<thumb />
			<onclick>UpdateLibrary(video,,true)</onclick>
			<property name="path">UpdateLibrary(video,,true)</property>
			<visible>[String.IsEqual(System.ProfileName,Master user)] + String.IsEqual(Window(10000).Property(submenuVisibility),musicvideos)</visible>
			<property name="isSubmenu">True</property>
		</item>
	</include>
	<include name="skinshortcuts-group-musicvideos-1">
		<description>No items</description>
	</include>
	<include name="skinshortcuts-group-alt-musicvideos-1">
		<description>No items</description>
	</include>
	<include name="skinshortcuts-group-musicvideos-2">
		<description>No items</description>
	</include>
	<include name="skinshortcuts-group-alt-musicvideos-2">
		<description>No items</description>
	</include>
	<include name="skinshortcuts-group-plugin-program-advanced-emulator-launcher">
		<description>No items</description>
	</include>
	<include name="skinshortcuts-group-alt-plugin-program-advanced-emulator-launcher">
		<description>No items</description>
	</include>
	<include name="skinshortcuts-group-plugin-program-advanced-emulator-launcher-1">
		<description>No items</description>
	</include>
	<include name="skinshortcuts-group-alt-plugin-program-advanced-emulator-launcher-1">
		<description>No items</description>
	</include>
	<include name="skinshortcuts-group-plugin-program-advanced-emulator-launcher-2">
		<description>No items</description>
	</include>
	<include name="skinshortcuts-group-alt-plugin-program-advanced-emulator-launcher-2">
		<description>No items</description>
	</include>
	<include name="skinshortcuts-group-num-24001">
		<item id="1">
			<property name="id">$NUMBER[1]</property>
			<property name="mainmenuid">7</property>
			<label>$LOCALIZE[1037]</label>
			<label2>item</label2>
			<icon>special://skin/extras/icons/addon.png</icon>
			<thumb />
			<onclick>ActivateWindow(Videos,addons://sources/video/,return)</onclick>
			<property name="path">ActivateWindow(Videos,addons://sources/video/,return)</property>
			<visible>String.IsEqual(System.ProfileName,Master user)</visible>
			<property name="isSubmenu">True</property>
		</item>
		<item id="2">
			<property name="id">$NUMBER[2]</property>
			<property name="mainmenuid">7</property>
			<label>$LOCALIZE[1038]</label>
			<label2>Music</label2>
			<icon>special://skin/extras/icons/addon.png</icon>
			<thumb />
			<onclick>ActivateWindow(Music,Addons,return)</onclick>
			<property name="path">ActivateWindow(Music,Addons,return)</property>
			<visible>String.IsEqual(System.ProfileName,Master user)</visible>
			<property name="isSubmenu">True</property>
		</item>
		<item id="3">
			<property name="id">$NUMBER[3]</property>
			<property name="mainmenuid">7</property>
			<label>$LOCALIZE[1039]</label>
			<label2>Pictures</label2>
			<icon>special://skin/extras/icons/DefaultAddonPicture.png</icon>
			<thumb />
			<onclick>ActivateWindow(Pictures,Addons,return)</onclick>
			<property name="path">ActivateWindow(Pictures,Addons,return)</property>
			<visible>String.IsEqual(System.ProfileName,Master user)</visible>
			<property name="isSubmenu">True</property>
		</item>
		<item id="4">
			<property name="id">$NUMBER[4]</property>
			<property name="mainmenuid">7</property>
			<label>$LOCALIZE[1043]</label>
			<label2>Programs</label2>
			<icon>special://skin/extras/icons/program.png</icon>
			<thumb />
			<onclick>ActivateWindow(Programs,Addons,return)</onclick>
			<property name="path">ActivateWindow(Programs,Addons,return)</property>
			<visible>String.IsEqual(System.ProfileName,Master user)</visible>
			<property name="isSubmenu">True</property>
		</item>
	</include>
	<include name="skinshortcuts-group-alt-num-24001">
		<item id="1">
			<property name="id">$NUMBER[1]</property>
			<property name="mainmenuid">7</property>
			<label>$LOCALIZE[1037]</label>
			<label2>item</label2>
			<icon>special://skin/extras/icons/addon.png</icon>
			<thumb />
			<onclick>ActivateWindow(Videos,addons://sources/video/,return)</onclick>
			<property name="path">ActivateWindow(Videos,addons://sources/video/,return)</property>
			<visible>[String.IsEqual(System.ProfileName,Master user)] + String.IsEqual(Window(10000).Property(submenuVisibility),num-24001)</visible>
			<property name="isSubmenu">True</property>
		</item>
		<item id="2">
			<property name="id">$NUMBER[2]</property>
			<property name="mainmenuid">7</property>
			<label>$LOCALIZE[1038]</label>
			<label2>Music</label2>
			<icon>special://skin/extras/icons/addon.png</icon>
			<thumb />
			<onclick>ActivateWindow(Music,Addons,return)</onclick>
			<property name="path">ActivateWindow(Music,Addons,return)</property>
			<visible>[String.IsEqual(System.ProfileName,Master user)] + String.IsEqual(Window(10000).Property(submenuVisibility),num-24001)</visible>
			<property name="isSubmenu">True</property>
		</item>
		<item id="3">
			<property name="id">$NUMBER[3]</property>
			<property name="mainmenuid">7</property>
			<label>$LOCALIZE[1039]</label>
			<label2>Pictures</label2>
			<icon>special://skin/extras/icons/DefaultAddonPicture.png</icon>
			<thumb />
			<onclick>ActivateWindow(Pictures,Addons,return)</onclick>
			<property name="path">ActivateWindow(Pictures,Addons,return)</property>
			<visible>[String.IsEqual(System.ProfileName,Master user)] + String.IsEqual(Window(10000).Property(submenuVisibility),num-24001)</visible>
			<property name="isSubmenu">True</property>
		</item>
		<item id="4">
			<property name="id">$NUMBER[4]</property>
			<property name="mainmenuid">7</property>
			<label>$LOCALIZE[1043]</label>
			<label2>Programs</label2>
			<icon>special://skin/extras/icons/program.png</icon>
			<thumb />
			<onclick>ActivateWindow(Programs,Addons,return)</onclick>
			<property name="path">ActivateWindow(Programs,Addons,return)</property>
			<visible>[String.IsEqual(System.ProfileName,Master user)] + String.IsEqual(Window(10000).Property(submenuVisibility),num-24001)</visible>
			<property name="isSubmenu">True</property>
		</item>
	</include>
	<include name="skinshortcuts-group-num-24001-1">
		<description>No items</description>
	</include>
	<include name="skinshortcuts-group-alt-num-24001-1">
		<description>No items</description>
	</include>
	<include name="skinshortcuts-group-num-24001-2">
		<description>No items</description>
	</include>
	<include name="skinshortcuts-group-alt-num-24001-2">
		<description>No items</description>
	</include>
	<include name="skinshortcuts-group-num-1036">
		<description>No items</description>
	</include>
	<include name="skinshortcuts-group-alt-num-1036">
		<description>No items</description>
	</include>
	<include name="skinshortcuts-group-num-1036-1">
		<description>No items</description>
	</include>
	<include name="skinshortcuts-group-alt-num-1036-1">
		<description>No items</description>
	</include>
	<include name="skinshortcuts-group-num-1036-2">
		<description>No items</description>
	</include>
	<include name="skinshortcuts-group-alt-num-1036-2">
		<description>No items</description>
	</include>
	<include name="skinshortcuts-group-weather">
		<description>No items</description>
	</include>
	<include name="skinshortcuts-group-alt-weather">
		<description>No items</description>
	</include>
	<include name="skinshortcuts-group-weather-1">
		<description>No items</description>
	</include>
	<include name="skinshortcuts-group-alt-weather-1">
		<description>No items</description>
	</include>
	<include name="skinshortcuts-group-weather-2">
		<description>No items</description>
	</include>
	<include name="skinshortcuts-group-alt-weather-2">
		<description>No items</description>
	</include>
	<include name="skinshortcuts-group-num-137">
		<description>No items</description>
	</include>
	<include name="skinshortcuts-group-alt-num-137">
		<description>No items</description>
	</include>
	<include name="skinshortcuts-group-num-137-1">
		<description>No items</description>
	</include>
	<include name="skinshortcuts-group-alt-num-137-1">
		<description>No items</description>
	</include>
	<include name="skinshortcuts-group-num-137-2">
		<description>No items</description>
	</include>
	<include name="skinshortcuts-group-alt-num-137-2">
		<description>No items</description>
	</include>
	<include name="skinshortcuts-group-num-5">
		<item id="1">
			<property name="id">$NUMBER[1]</property>
			<property name="mainmenuid">11</property>
			<label>$LOCALIZE[7]</label>
			<label2>Common menu item</label2>
			<icon>special://skin/extras/icons/file.png</icon>
			<thumb />
			<onclick>ActivateWindow(FileManager)</onclick>
			<property name="path">ActivateWindow(FileManager)</property>
			<visible>String.IsEqual(System.ProfileName,Master user)</visible>
			<property name="isSubmenu">True</property>
		</item>
		<item id="2">
			<property name="id">$NUMBER[2]</property>
			<property name="mainmenuid">11</property>
			<label>$LOCALIZE[14111]</label>
			<label2>Common menu item</label2>
			<icon>special://skin/extras/icons/info.png</icon>
			<thumb />
			<visible>system.getbool(eventlog.enabled)</visible>
			<onclick>ActivateWindow(EventLog,events://,return)</onclick>
			<property name="path">ActivateWindow(EventLog,events://,return)</property>
			<visible>String.IsEqual(System.ProfileName,Master user)</visible>
			<property name="isSubmenu">True</property>
		</item>
		<item id="3">
			<property name="id">$NUMBER[3]</property>
			<property name="mainmenuid">11</property>
			<label>$LOCALIZE[13009]</label>
			<label2>Kodi Command</label2>
			<icon>special://skin/extras/icons/DefaultAddSource.png</icon>
			<thumb />
			<visible>System.ShowExitButton</visible>
			<onclick>Quit</onclick>
			<property name="path">Quit</property>
			<visible>String.IsEqual(System.ProfileName,Master user)</visible>
			<property name="isSubmenu">True</property>
		</item>
	</include>
	<include name="skinshortcuts-group-alt-num-5">
		<item id="1">
			<property name="id">$NUMBER[1]</property>
			<property name="mainmenuid">11</property>
			<label>$LOCALIZE[7]</label>
			<label2>Common menu item</label2>
			<icon>special://skin/extras/icons/file.png</icon>
			<thumb />
			<onclick>ActivateWindow(FileManager)</onclick>
			<property name="path">ActivateWindow(FileManager)</property>
			<visible>[String.IsEqual(System.ProfileName,Master user)] + String.IsEqual(Window(10000).Property(submenuVisibility),num-5)</visible>
			<property name="isSubmenu">True</property>
		</item>
		<item id="2">
			<property name="id">$NUMBER[2]</property>
			<property name="mainmenuid">11</property>
			<label>$LOCALIZE[14111]</label>
			<label2>Common menu item</label2>
			<icon>special://skin/extras/icons/info.png</icon>
			<thumb />
			<visible>[system.getbool(eventlog.enabled)] + String.IsEqual(Window(10000).Property(submenuVisibility),num-5)</visible>
			<onclick>ActivateWindow(EventLog,events://,return)</onclick>
			<property name="path">ActivateWindow(EventLog,events://,return)</property>
			<visible>String.IsEqual(System.ProfileName,Master user)</visible>
			<property name="isSubmenu">True</property>
		</item>
		<item id="3">
			<property name="id">$NUMBER[3]</property>
			<property name="mainmenuid">11</property>
			<label>$LOCALIZE[13009]</label>
			<label2>Kodi Command</label2>
			<icon>special://skin/extras/icons/DefaultAddSource.png</icon>
			<thumb />
			<visible>[System.ShowExitButton] + String.IsEqual(Window(10000).Property(submenuVisibility),num-5)</visible>
			<onclick>Quit</onclick>
			<property name="path">Quit</property>
			<visible>String.IsEqual(System.ProfileName,Master user)</visible>
			<property name="isSubmenu">True</property>
		</item>
	</include>
	<include name="skinshortcuts-group-num-5-1">
		<description>No items</description>
	</include>
	<include name="skinshortcuts-group-alt-num-5-1">
		<description>No items</description>
	</include>
	<include name="skinshortcuts-group-num-5-2">
		<description>No items</description>
	</include>
	<include name="skinshortcuts-group-alt-num-5-2">
		<description>No items</description>
	</include>
</includes>
