<?xml version="1.0" encoding="UTF-8"?>
<window id="1133" type="window">
	<defaultcontrol always="true">50</defaultcontrol>
	<onload>SetProperty(Window.HasSettings,True,home)</onload>
	<onload>ClearProperty(MediaMenu,Home)</onload>
	<onunload>ClearProperty(Window.HasSettings,Home)</onunload>
	<controls>
		<include>CommonBackground</include>
		<control type="group">
			<include>WindowOpenCloseAnimation</include>
			<include>ViewAnimation</include>
			<visible>!Window.IsActive(addoninformation)</visible>
			<control type="group">
				<left>100</left>
				<top>-40</top>
				<control type="image">
					<description>background image</description>
					<left>-32</left>
					<top>1020</top>
					<width>874</width>
					<height>904</height>
					<texture border="40">panel_reflect.png</texture>
				</control>
				<control type="image">
					<description>background image</description>
					<left>-32</left>
					<top>148</top>
					<width>874</width>
					<height>904</height>
					<texture border="40">listpanel_back.png</texture>
				</control>
				<control type="panel" id="50">
					<top>180</top>
					<width>810</width>
					<height>840</height>
					<onleft>SetProperty(MediaMenu,True,home)</onleft>
					<onleft>SetFocus(9050)</onleft>
					<onright>60</onright>
					<onup>50</onup>
					<ondown>50</ondown>
					<viewtype label="535">list</viewtype>
					<pagecontrol>60</pagecontrol>
					<scrolltime tween="quadratic" easing="out">200</scrolltime>
					<itemlayout height="120" width="810">
						<control type="image">
							<top>60</top>
							<width>810</width>
							<height>60</height>
							<texture border="1">separator2.png</texture>
						</control>
						<control type="image">
							<left>15</left>
							<top>8</top>
							<width>105</width>
							<height>105</height>
							<aspectratio>keep</aspectratio>
							<texture background="true">$INFO[ListItem.Icon]</texture>
							<colordiffuse>grey2</colordiffuse>
						</control>
						<control type="label">
							<left>135</left>
							<width>655</width>
							<height>70</height>
							<font>font30</font>
							<textcolor>grey2</textcolor>
							<selectedcolor>$VAR[ThemeLabelColor]</selectedcolor>
							<label>$INFO[ListItem.Label]</label>
							<animation effect="slide" start="0,0" end="0,25" time="0" condition="String.IsEmpty(ListItem.AddonSummary)">Conditional</animation>
						</control>
						<control type="label">
							<left>135</left>
							<top>50</top>
							<width>655</width>
							<height>60</height>
							<font>font15</font>
							<textcolor>grey3</textcolor>
							<selectedcolor>$VAR[ThemeLabelColor]</selectedcolor>
							<label>$INFO[ListItem.AddonSummary]</label>
						</control>
						<control type="label">
							<left>60</left>
							<width>730</width>
							<height>120</height>
							<font>font15</font>
							<align>right</align>
							<textcolor>grey2</textcolor>
							<selectedcolor>$VAR[ThemeLabelColor]</selectedcolor>
							<label>$INFO[ListItem.Label2]</label>
						</control>
					</itemlayout>
					<focusedlayout height="120" width="810">
						<control type="image">
							<top>60</top>
							<width>810</width>
							<height>60</height>
							<texture border="1">separator2.png</texture>
						</control>
						<control type="image">
							<width>810</width>
							<height>120</height>
							<texture colordiffuse="$VAR[HighlightBarColor]" border="4">listselect_fo.png</texture>
							<visible>Control.HasFocus(50)</visible>
							<include>VisibleFadeAnimation</include>
						</control>
						<control type="image">
							<left>15</left>
							<top>8</top>
							<width>105</width>
							<height>105</height>
							<aspectratio>keep</aspectratio>
							<texture background="true">$INFO[ListItem.Icon]</texture>
						</control>
						<control type="label">
							<left>135</left>
							<width>655</width>
							<height>70</height>
							<font>font30</font>
							<textcolor>white</textcolor>
							<selectedcolor>$VAR[ThemeLabelColor]</selectedcolor>
							<label>$INFO[ListItem.Label]</label>
							<animation effect="slide" start="0,0" end="0,25" time="0" condition="String.IsEmpty(ListItem.AddonSummary)">Conditional</animation>
						</control>
						<control type="label">
							<left>135</left>
							<top>50</top>
							<width>655</width>
							<height>60</height>
							<font>font15</font>
							<textcolor>white</textcolor>
							<selectedcolor>$VAR[ThemeLabelColor]</selectedcolor>
							<label>$INFO[ListItem.AddonSummary]</label>
						</control>
						<control type="label">
							<left>60</left>
							<width>730</width>
							<height>120</height>
							<font>font15</font>
							<align>right</align>
							<textcolor>white</textcolor>
							<selectedcolor>$VAR[ThemeLabelColor]</selectedcolor>
							<label>$INFO[ListItem.Label2]</label>
						</control>
					</focusedlayout>
					<content>
						<item id="1">
							<label>$LOCALIZE[1037]</label>
							<icon>views/list/DefaultAddonVideo.png</icon>
							<property name="AppsTarget">videos</property>
							<property name="AppsContent">addons://sources/video/</property>
							<property name="AppsSortBy">lastused</property>
							<onclick>ActivateWindow(Videos,Addons,return)</onclick>
						</item>
						<item id="2">
							<label>$LOCALIZE[1038]</label>
							<icon>views/list/DefaultAddonMusic.png</icon>
							<property name="AppsTarget">music</property>
							<property name="AppsContent">addons://sources/audio/</property>
							<property name="AppsSortBy">lastused</property>
							<onclick>ActivateWindow(Music,Addons,return)</onclick>
						</item>
						<item id="3">
							<label>$LOCALIZE[1039]</label>
							<icon>views/list/DefaultAddonPicture.png</icon>
							<property name="AppsTarget">pictures</property>
							<property name="AppsContent">addons://sources/image/</property>
							<property name="AppsSortBy">lastused</property>
							<onclick>ActivateWindow(Pictures,Addons,return)</onclick>
						</item>
						<item id="4">
							<label>$LOCALIZE[1043]</label>
							<icon>views/list/DefaultAddonProgram.png</icon>
							<property name="AppsTarget">programs</property>
							<property name="AppsContent">addons://sources/executable/</property>
							<property name="AppsSortBy">lastused</property>
							<onclick>ActivateWindow(Programs,Addons,return)</onclick>
						</item>
						<item id="5">
							<label>$LOCALIZE[20244]</label>
							<icon>views/list/DefaultAddonAndroid.png</icon>
							<property name="AppsTarget">programs</property>
							<property name="AppsContent">androidapp://sources/apps/</property>
							<property name="AppsSortBy">lastused</property>
							<onclick>ActivateWindow(Programs,return)</onclick>
							<visible>System.Platform.Android</visible>
						</item>
						<item id="6">
							<label>$LOCALIZE[10040]</label>
							<icon>views/list/DefaultAddon.png</icon>
							<property name="AppsTarget"></property>
							<property name="AppsContent">addons://user/all/</property>
							<property name="AppsSortBy">lastused</property>
							<onclick>ActivateWindow(AddonBrowser,return)</onclick>
						</item>
						<item id="7">
							<label>$LOCALIZE[24004]</label>
							<icon>views/list/DefaultAddonsRecentlyUpdated.png</icon>
							<property name="AppsTarget"></property>
							<property name="AppsContent">addons://recently_updated/</property>
							<property name="AppsSortBy">lastupdated</property>
							<onclick>ActivateWindow(AddonBrowser,return)</onclick>
						</item>
						<item id="8">
							<label>$LOCALIZE[1036]</label>
							<icon>views/list/DefaultFavourite.png</icon>
							<property name="AppsTarget" />
							<property name="AppsContent">favourites://</property>
							<property name="AppsSortBy" />
							<onclick>ActivateWindow(Favourites)</onclick>
						</item>
					</content>
				</control>
				<control type="scrollbar" id="60">
					<left>740</left>
					<top>180</top>
					<width>14</width>
					<height>840</height>
					<onup>60</onup>
					<ondown>60</ondown>
					<onleft>50</onleft>
					<onright>51</onright>
					<texturesliderbackground />
					<texturesliderbar colordiffuse="55ffffff" border="1">scrollbar/texturesliderbar2.png</texturesliderbar>
					<texturesliderbarfocus border="1">scrollbar/texturesliderbar2.png</texturesliderbarfocus>
					<showonepage>false</showonepage>
					<orientation>vertical</orientation>
				</control>
			</control>
			<control type="group">
				<left>1014</left>
				<top>-40</top>
				<control type="image">
					<description>background image</description>
					<left>-32</left>
					<top>1020</top>
					<width>874</width>
					<height>904</height>
					<texture border="40">panel_reflect.png</texture>
				</control>
				<control type="image">
					<description>background image</description>
					<left>-32</left>
					<top>148</top>
					<width>874</width>
					<height>904</height>
					<texture border="40">listpanel_back.png</texture>
				</control>
				<control type="panel" id="51">
					<top>180</top>
					<width>810</width>
					<height>840</height>
					<onleft>50</onleft>
					<onright>61</onright>
					<onup>51</onup>
					<ondown>51</ondown>
					<onclick condition="Container(50).HasFocus(8)">$INFO[ListItem.FileNameAndPath]</onclick>
					<animation effect="fade" start="100" end="0" time="300" condition="Container(51).IsUpdating">Conditional</animation>
					<viewtype label="535">list</viewtype>
					<pagecontrol>61</pagecontrol>
					<scrolltime tween="quadratic" easing="out">200</scrolltime>
					<itemlayout height="120" width="810">
						<control type="image">
							<top>60</top>
							<width>810</width>
							<height>60</height>
							<texture border="1">separator2.png</texture>
						</control>
						<control type="image">
							<left>15</left>
							<top>8</top>
							<width>105</width>
							<height>105</height>
							<aspectratio>keep</aspectratio>
							<texture background="true">$INFO[ListItem.Icon,views/list/]</texture>
							<colordiffuse>grey2</colordiffuse>
							<visible>String.StartsWith(ListItem.Icon,Default)</visible>
						</control>
						<control type="image">
							<left>15</left>
							<top>8</top>
							<width>105</width>
							<height>105</height>
							<aspectratio>keep</aspectratio>
							<texture background="true">$INFO[ListItem.Icon]</texture>
							<visible>!String.StartsWith(ListItem.Icon,Default)</visible>
						</control>
						<control type="label">
							<left>135</left>
							<width>655</width>
							<height>70</height>
							<font>font30</font>
							<textcolor>grey2</textcolor>
							<selectedcolor>$VAR[ThemeLabelColor]</selectedcolor>
							<label>$INFO[ListItem.Label]</label>
							<animation effect="slide" start="0,0" end="0,25" time="0" condition="String.IsEmpty(ListItem.AddonSummary)">Conditional</animation>
						</control>
						<control type="label">
							<left>135</left>
							<top>50</top>
							<width>655</width>
							<height>60</height>
							<font>font15</font>
							<textcolor>grey3</textcolor>
							<selectedcolor>$VAR[ThemeLabelColor]</selectedcolor>
							<label>$INFO[ListItem.AddonSummary]</label>
						</control>
						<control type="label">
							<left>60</left>
							<width>730</width>
							<height>60</height>
							<font>font15</font>
							<align>right</align>
							<textcolor>grey2</textcolor>
							<selectedcolor>$VAR[ThemeLabelColor]</selectedcolor>
							<label>$INFO[ListItem.AddonVersion]</label>
						</control>
					</itemlayout>
					<focusedlayout height="120" width="810">
						<control type="image">
							<top>60</top>
							<width>810</width>
							<height>60</height>
							<texture border="1">separator2.png</texture>
						</control>
						<control type="image">
							<width>810</width>
							<height>120</height>
							<texture colordiffuse="$VAR[HighlightBarColor]" border="4">listselect_fo.png</texture>
							<visible>Control.HasFocus(51)</visible>
							<include>VisibleFadeAnimation</include>
						</control>
						<control type="image">
							<left>15</left>
							<top>8</top>
							<width>105</width>
							<height>105</height>
							<aspectratio>keep</aspectratio>
							<texture background="true">$INFO[ListItem.Icon,views/list/]</texture>
							<visible>String.StartsWith(ListItem.Icon,Default)</visible>
						</control>
						<control type="image">
							<left>15</left>
							<top>8</top>
							<width>105</width>
							<height>105</height>
							<aspectratio>keep</aspectratio>
							<texture background="true">$INFO[ListItem.Icon]</texture>
							<visible>!String.StartsWith(ListItem.Icon,Default)</visible>
						</control>
						<control type="label">
							<left>135</left>
							<width>655</width>
							<height>70</height>
							<font>font30</font>
							<textcolor>white</textcolor>
							<selectedcolor>$VAR[ThemeLabelColor]</selectedcolor>
							<label>$INFO[ListItem.Label]</label>
							<animation effect="slide" start="0,0" end="0,25" time="0" condition="String.IsEmpty(ListItem.AddonSummary)">Conditional</animation>
						</control>
						<control type="label">
							<left>135</left>
							<top>50</top>
							<width>655</width>
							<height>60</height>
							<font>font15</font>
							<textcolor>white</textcolor>
							<selectedcolor>$VAR[ThemeLabelColor]</selectedcolor>
							<label>$INFO[ListItem.AddonSummary]</label>
						</control>
						<control type="label">
							<left>60</left>
							<width>730</width>
							<height>60</height>
							<font>font15</font>
							<align>right</align>
							<textcolor>white</textcolor>
							<selectedcolor>$VAR[ThemeLabelColor]</selectedcolor>
							<label>$INFO[ListItem.AddonVersion]</label>
						</control>
					</focusedlayout>
					<content target="$INFO[Container(50).ListItem.Property(AppsTarget)]" sortby="$INFO[Container(50).ListItem.Property(AppsSortBy)]" sortorder="descending">$INFO[Container(50).ListItem.Property(AppsContent)]</content>
				</control>
				<control type="scrollbar" id="61">
					<left>810</left>
					<top>180</top>
					<width>14</width>
					<height>840</height>
					<onup>60</onup>
					<ondown>60</ondown>
					<onleft>51</onleft>
					<onright>noop</onright>
					<texturesliderbackground />
					<texturesliderbar colordiffuse="55ffffff" border="1">scrollbar/texturesliderbar2.png</texturesliderbar>
					<texturesliderbarfocus border="1">scrollbar/texturesliderbar2.png</texturesliderbarfocus>
					<showonepage>false</showonepage>
					<orientation>vertical</orientation>
				</control>
			</control>
		</control>
		<include>Topbar</include>
		<control type="label">
			<width>900</width>
			<height>90</height>
			<font>font13_title</font>
			<textoffsetx>15</textoffsetx>
			<textcolor>grey2</textcolor>
			<aligny>top</aligny>
			<textoffsety>-2</textoffsety>
			<label>$LOCALIZE[31957]</label>
			<animation effect="slide" start="0,-90" end="0,0" delay="800" time="480" condition="Window.Previous(home)">WindowOpen</animation>
			<animation effect="slide" end="0,-90" start="0,0" time="480" condition="Window.Next(home)">WindowClose</animation>
		</control>
		<control type="label">
			<left>1020</left>
			<width>900</width>
			<height>90</height>
			<font>font13_title</font>
			<textoffsetx>15</textoffsetx>
			<textcolor>grey</textcolor>
			<align>right</align>
			<aligny>top</aligny>
			<textoffsety>-2</textoffsety>
			<label>$INFO[Container(51).NumItems,, $LOCALIZE[31025]]$INFO[Container(51).CurrentPage,[COLOR grey2] | ,]$INFO[Container(51).NumPages,/,[/COLOR]]</label>
			<animation effect="slide" start="0,-90" end="0,0" delay="800" time="480" condition="Window.Previous(home)">WindowOpen</animation>
			<animation effect="slide" end="0,-90" start="0,0" time="480" condition="Window.Next(home)">WindowClose</animation>
			<animation effect="slide" tween="cubic" time="240" end="-500,0" condition="Player.HasMedia | Window.IsActive(volumebar)">Conditional</animation>
		</control>
		<control type="group">
			<left>-440</left>
			<include>SideBladeLeft</include>
			<control type="grouplist" id="9050">
				<include>NoMediaMenu</include>
			</control>
		</control>
	</controls>
</window>