<?xml version="1.0" encoding="UTF-8"?>
<window>
	<defaultcontrol always="true">50</defaultcontrol>
	<views>50</views>
	<menucontrol>9051</menucontrol>
	<onload>SetProperty(Window.HasSettings,True,home)</onload>
	<onload>ClearProperty(MediaMenu,Home)</onload>
	<onunload>ClearProperty(Window.HasSettings,Home)</onunload>
	<controls>
		<include>CommonBackground</include>
		<control type="group">
			<animation effect="slide" tween="cubic" time="720" start="0,1080" end="0,0">WindowOpen</animation>
			<animation effect="slide" tween="cubic" time="720" end="0,1080" start="0,0">WindowClose</animation>
			<!-- view id = 50 -->
			<control type="group">
				<visible>Control.IsVisible(50) + !Window.IsActive(addoninformation)</visible>
				<include>ViewAnimation</include>
				<control type="group">
					<left>100</left>
					<top>-40</top>
					<control type="image">
						<description>background image</description>
						<left>-32</left>
						<top>1020</top>
						<width>1784</width>
						<height>904</height>
						<texture border="40">panel_reflect.png</texture>
					</control>
					<control type="image">
						<description>background image</description>
						<left>-32</left>
						<top>148</top>
						<width>1784</width>
						<height>904</height>
						<texture border="40">listpanel_back.png</texture>
					</control>
					<control type="list" id="50">
						<top>180</top>
						<width>1720</width>
						<height>840</height>
						<onleft>SetProperty(MediaMenu,True,home)</onleft>
						<onleft>SetFocus(9050)</onleft>
						<onright>60</onright>
						<onup>50</onup>
						<ondown>50</ondown>
						<viewtype label="535">list</viewtype>
						<pagecontrol>60</pagecontrol>
						<scrolltime tween="quadratic" easing="out">200</scrolltime>
						<itemlayout height="120" width="1720">
							<control type="image">
								<top>60</top>
								<width>1720</width>
								<height>60</height>
								<texture border="1">separator2.png</texture>
							</control>
							<control type="image">
								<left>15</left>
								<top>8</top>
								<width>105</width>
								<height>105</height>
								<aspectratio>keep</aspectratio>
								<texture background="true">$INFO[ListItem.Icon,views/list/]</texture>
								<colordiffuse>grey2</colordiffuse>
								<visible>String.StartsWith(ListItem.Icon,Default)</visible>
							</control>
							<control type="image">
								<left>15</left>
								<top>8</top>
								<width>105</width>
								<height>105</height>
								<aspectratio>keep</aspectratio>
								<texture background="true">$INFO[ListItem.Icon]</texture>
								<visible>!String.StartsWith(ListItem.Icon,Default)</visible>
							</control>
							<control type="label">
								<left>135</left>
								<width>1565</width>
								<height>70</height>
								<font>font30</font>
								<textcolor>grey2</textcolor>
								<selectedcolor>$VAR[ThemeLabelColor]</selectedcolor>
								<label>$INFO[ListItem.Label]</label>
								<animation effect="slide" start="0,0" end="0,25" time="0" condition="String.IsEmpty(ListItem.Property(Event.Description))">Conditional</animation>
							</control>
							<control type="label">
								<left>135</left>
								<top>50</top>
								<width>1565</width>
								<height>60</height>
								<font>font15</font>
								<textcolor>grey3</textcolor>
								<selectedcolor>$VAR[ThemeLabelColor]</selectedcolor>
								<label>$INFO[ListItem.Property(Event.Description)]</label>
							</control>
							<control type="label">
								<left>60</left>
								<width>1630</width>
								<height>120</height>
								<font>font15</font>
								<align>right</align>
								<textcolor>grey2</textcolor>
								<selectedcolor>$VAR[ThemeLabelColor]</selectedcolor>
								<label>$INFO[ListItem.Label2]</label>
							</control>
						</itemlayout>
						<focusedlayout height="120" width="1720">
							<control type="image">
								<top>60</top>
								<width>1720</width>
								<height>60</height>
								<texture border="1">separator2.png</texture>
							</control>
							<control type="image">
								<width>1720</width>
								<height>120</height>
								<texture colordiffuse="$VAR[HighlightBarColor]" border="4">listselect_fo.png</texture>
								<visible>Control.HasFocus(50)</visible>
								<include>VisibleFadeAnimation</include>
							</control>
							<control type="image">
								<left>15</left>
								<top>8</top>
								<width>105</width>
								<height>105</height>
								<aspectratio>keep</aspectratio>
								<texture background="true">$INFO[ListItem.Icon,views/list/]</texture>
								<visible>String.StartsWith(ListItem.Icon,Default)</visible>
							</control>
							<control type="image">
								<left>15</left>
								<top>8</top>
								<width>105</width>
								<height>105</height>
								<aspectratio>keep</aspectratio>
								<texture background="true">$INFO[ListItem.Icon]</texture>
								<visible>!String.StartsWith(ListItem.Icon,Default)</visible>
							</control>
							<control type="label">
								<left>135</left>
								<width>1565</width>
								<height>70</height>
								<font>font30</font>
								<textcolor>white</textcolor>
								<selectedcolor>$VAR[ThemeLabelColor]</selectedcolor>
								<label>$INFO[ListItem.Label]</label>
								<animation effect="fade" start="100" end="70" time="300" tween="sine" easing="inout" condition="!Control.HasFocus(50)">Conditional</animation>
								<animation effect="slide" start="0,0" end="0,25" time="0" condition="String.IsEmpty(ListItem.Property(Event.Description))">Conditional</animation>
							</control>
							<control type="label">
								<left>135</left>
								<top>50</top>
								<width>1565</width>
								<height>60</height>
								<font>font15</font>
								<textcolor>white</textcolor>
								<selectedcolor>$VAR[ThemeLabelColor]</selectedcolor>
								<label>$INFO[ListItem.Property(Event.Description)]</label>
								<animation effect="fade" start="100" end="30" time="300" tween="sine" easing="inout" condition="!Control.HasFocus(50)">Conditional</animation>
							</control>
							<control type="label">
								<left>60</left>
								<width>1630</width>
								<height>120</height>
								<font>font15</font>
								<align>right</align>
								<textcolor>white</textcolor>
								<selectedcolor>$VAR[ThemeLabelColor]</selectedcolor>
								<label>$INFO[ListItem.Label2]</label>
								<animation effect="fade" start="100" end="70" time="300" tween="sine" easing="inout" condition="!Control.HasFocus(50)">Conditional</animation>
							</control>
						</focusedlayout>
					</control>
					<control type="scrollbar" id="60">
						<left>1720</left>
						<top>180</top>
						<width>14</width>
						<height>840</height>
						<onup>60</onup>
						<ondown>60</ondown>
						<onleft>50</onleft>
						<onright>9002</onright>
						<texturesliderbackground />
						<texturesliderbar colordiffuse="55ffffff" border="1">scrollbar/texturesliderbar2.png</texturesliderbar>
						<texturesliderbarfocus border="1">scrollbar/texturesliderbar2.png</texturesliderbarfocus>
						<showonepage>false</showonepage>
						<orientation>vertical</orientation>
					</control>
				</control>
			</control>
		</control>
		<include condition="!Skin.HasSetting(Disable.ScrollLabel)">ScrollOffsetLabel</include>
		<include>Topbar</include>
		<control type="group">
			<left>-440</left>
			<include>SideBladeLeft</include>
			<control type="grouplist" id="9050">
				<include>MediaMenuTop</include>
				<control type="button" id="201">
					<description>View options</description>
					<textwidth>352</textwidth>
					<font>font13_title</font>
					<include>ButtonCommonValues</include>
					<label>31026</label>
					<enable>no</enable>
					<disabledcolor>$VAR[ThemeLabelColor]</disabledcolor>
				</control>
				<control type="button" id="21">
					<description>Log level</description>
					<include>ButtonCommonValues</include>
				</control>
				<control type="radiobutton" id="22">
					<description>Only show current level</description>
					<include>ButtonCommonValues</include>
				</control>
				<control type="button" id="20">
					<description>Clear button</description>
					<include>ButtonCommonValues</include>
					<label>192</label>
				</control>
			</control>
		</control>
	</controls>
</window>
