<?xml version="1.0" encoding="UTF-8" standalone="yes"?>
<addon id="plugin.program.iainstool" name="Iain's Update Tool" version="1.0.4" provider-name="iaincstott.co.uk">
  <requires>
      <import addon="xbmc.python" version="2.19.0"/>
      <import addon="script.module.httplib2" version="0.8.0" />
      <import addon="script.module.oauth2client" version="1.4.7" />
      <import addon="script.module.uritemplate" version="0.6" />
      <import addon="script.module.yaml" version="3.11"/>
      <import addon="script.module.googleapi" version="1.4.0" />
  </requires>
  <extension point="xbmc.python.pluginsource" library="default.py">
        <provides>program executable</provides>
  </extension>
  <extension point="xbmc.addon.metadata">
    <summary lang="en">Iain's Update Tool</summary>
    <description lang="en">Easy Install With Iain's Update Tool</description>
    <platform>all</platform>
  </extension>
</addon>
