<?xml version="1.0" encoding="UTF-8"?>
<window>
    <backgroundcolor>Background</backgroundcolor>
    <menucontrol>9000</menucontrol>
    <defaultcontrol always="true">50</defaultcontrol>
    <views>50,550,500,59,552</views>
    <onunload>SetProperty(NodeReturn,programs,home)</onunload>
    <onunload>SetProperty(HubReturn,$INFO[Container.FolderPath],home)</onunload>
    <controls>
        <!-- Background -->
        <include>Furniture_Background</include>
        <include>Furniture_RSS</include>
        <include>Furniture_TopBar</include>


        <!-- Main group -->
        <control type="group">
            <animation effect="fade" start="100" end="0" condition="!Integer.IsGreater(Container.NumItems,0)">Conditional</animation>
            <include>Defs_ViewBackground</include>
            <include content="Object_Headline">
                <param name="label" value="$VAR[Label_SortLine]" />
            </include>
            <include condition="!Skin.HasSetting(SkinHelper.View.Disabled.550)">Viewtype_List</include>
            <include>Viewtype_SquareList</include>
            <include>Viewtype_PlainList</include>
            <include condition="!Skin.HasSetting(SkinHelper.View.Disabled.500)">Viewtype_Icon</include>
            <include condition="!Skin.HasSetting(SkinHelper.View.Disabled.59)">Viewtype_IconExtra</include>
        </control>


        <!-- Menu -->
        <control type="group">
            <include condition="Skin.HasSetting(VerticalMenus)">GlobalOverlay</include>
            <include condition="Skin.HasSetting(VerticalMenus)">Dialog_Center</include>
            <visible allowhiddenfocus="true">ControlGroup(9000).HasFocus()</visible>
            <include>Animation_FadeIn</include>
            <include>Animation_FadeOut</include>
        </control>
        <control type="group">
            <visible allowhiddenfocus="true">ControlGroup(9000).HasFocus()</visible>
            <include condition="Skin.HasSetting(VerticalMenus)">Dialog_Center_Def</include>
            <include condition="!Skin.HasSetting(VerticalMenus)">Dialog_Top</include>
            <include condition="!Skin.HasSetting(VerticalMenus)">Dialog_Background</include>
            <include content="Dialog_Top_IconHeader">
                <param name="label" value="$LOCALIZE[31068]" />
                <param name="icon" value="special://skin/extras/icons/settings.png" />
            </include>
            <include content="Dialog_Center_Arrows" condition="Skin.HasSetting(VerticalMenus)">
                <param name="id" value="9000" />
            </include>
            <include content="Dialog_Top_Arrows" condition="!Skin.HasSetting(VerticalMenus)">
                <param name="id" value="9000" />
            </include>

            <control type="grouplist" id="9000">
                <include condition="Skin.HasSetting(VerticalMenus)">Dialog_Center_GroupList</include>
                <include condition="!Skin.HasSetting(VerticalMenus)">Dialog_Top_GroupList</include>
                <defaultcontrol always="true">3</defaultcontrol>
                <include>Object_BasicViewList</include>
            </control>
        </control>

        <include>Furniture_OverlayInfo</include>
    </controls>

</window>